house_id,square_feet,bedrooms,bathrooms,lot_size,year_built,garage_size,neighborhood,condition,has_pool,distance_to_school,distance_to_downtown,price
200001,1244,2,2,0.05,2016,0,suburban,5,0,0.7,10.3,292229
200002,1567,3,1,0.1,2004,2,suburban,2,1,1.4,12.4,357384
200003,2479,5,4,0.05,1961,0,downtown,5,0,5.0,2.1,605863
200004,2054,4,3,1.37,1981,0,rural,5,0,3.3,20.6,243072
200005,1909,4,4,0.76,1982,1,suburban,3,0,1.3,7.1,447909
200006,500,1,1,0.13,2002,2,downtown,2,0,0.4,2.0,285078
200007,1711,3,2,0.12,2001,3,suburban,3,1,3.7,12.1,422403
200008,2969,6,5,1.12,1966,0,rural,2,1,3.0,20.3,325994
200009,1732,3,2,0.7,1968,3,waterfront,4,0,6.2,10.5,547886
200010,2256,5,5,1.13,1988,1,waterfront,2,1,1.7,12.9,796622
200011,500,1,1,0.05,1978,3,downtown,3,0,3.6,0.1,270230
200012,1962,4,3,0.18,1951,1,waterfront,1,0,2.1,11.4,584468
200013,1369,3,2,0.05,2007,1,downtown,4,0,3.0,3.3,470457
200014,2295,5,4,0.05,2003,0,downtown,4,0,0.1,0.1,653867
200015,2068,4,3,0.15,1969,3,suburban,5,1,3.2,7.0,495786
200016,2453,5,4,0.68,1980,3,suburban,4,0,1.3,9.6,554966
200017,2308,5,5,0.05,1990,0,waterfront,2,0,3.5,9.9,617194
200018,2528,5,4,2.74,1962,2,rural,4,0,2.5,19.3,356764
200019,2239,4,3,0.3,1985,2,suburban,3,1,3.8,12.4,427686
200020,2241,4,3,1.7,1999,3,waterfront,5,1,1.5,10.7,894626
200021,1555,3,2,0.12,1967,2,downtown,5,0,2.2,1.5,498007
200022,2480,5,4,0.7,2012,2,rural,4,0,7.3,21.5,501087
200023,2865,6,5,3.18,1978,1,rural,2,0,0.1,22.3,522172
200024,866,2,1,0.05,1986,2,suburban,3,1,2.2,5.9,291200
200025,2994,6,5,0.3,1944,2,suburban,3,0,0.2,8.6,619773
200026,2232,4,3,0.09,1978,2,suburban,4,0,1.0,14.4,503124
200027,1434,3,2,0.43,1993,2,suburban,2,0,1.9,10.3,329394
200028,1176,2,2,0.05,2011,1,suburban,4,0,5.8,5.1,311111
200029,1098,2,2,0.09,1987,1,downtown,4,0,2.4,3.0,367129
200030,2294,5,4,0.19,1989,2,waterfront,1,0,1.0,13.1,661636
200031,1981,4,3,0.49,1968,2,suburban,4,0,1.6,6.3,496070
200032,1504,3,3,0.42,1976,1,suburban,5,0,5.3,10.0,342318
200033,1664,3,2,0.9,1986,2,suburban,3,1,1.2,9.8,453666
200034,2595,5,4,1.59,1984,2,rural,5,0,0.4,21.2,367656
200035,1583,3,3,0.52,1975,0,suburban,5,0,1.4,8.7,336001
200036,2093,4,2,4.74,2016,1,rural,3,1,1.9,21.0,343301
200037,2446,5,4,0.94,1998,1,rural,5,1,10.5,18.8,378684
200038,1206,2,2,0.07,1986,2,downtown,4,0,3.0,3.6,408694
200039,1144,2,2,0.1,1968,2,downtown,3,0,0.2,0.1,397587
200040,2738,5,4,0.05,2004,3,suburban,4,0,3.9,4.0,681208
200041,1963,4,3,0.83,1950,3,waterfront,4,0,1.9,16.1,544945
200042,900,2,2,0.82,1991,3,downtown,4,0,8.7,0.1,407869
200043,1115,2,2,0.33,1954,1,suburban,4,0,4.4,11.8,290549
200044,1833,4,4,0.15,1988,1,suburban,1,0,2.9,5.1,425849
200045,500,1,2,0.06,1979,2,downtown,4,0,2.9,3.2,222291
200046,1772,4,3,0.12,1993,2,suburban,3,1,0.4,9.1,394196
200047,1573,3,2,0.06,1965,1,downtown,1,0,1.0,2.5,420177
200048,682,1,1,0.12,1939,0,downtown,4,0,0.3,0.7,241020
200049,1831,4,3,0.47,1979,2,rural,3,0,4.1,13.1,298934
200050,1955,4,3,0.18,1986,2,suburban,3,1,1.4,6.1,407796
200051,1309,3,3,0.11,1984,0,downtown,3,0,4.1,5.4,360010
200052,1704,3,3,0.25,1958,1,suburban,5,0,0.8,6.0,361375
200053,785,2,1,0.23,1985,2,downtown,5,0,1.5,0.1,327264
200054,1577,3,3,0.08,1989,2,downtown,3,0,0.6,0.1,406958
200055,1570,3,2,0.28,1997,1,suburban,3,0,0.2,3.0,332315
200056,1007,2,1,0.11,2000,2,downtown,4,0,1.6,2.7,365256
200057,2284,5,4,0.4,1986,2,rural,4,0,4.8,19.5,321101
200058,983,2,2,0.07,2005,1,downtown,5,0,5.1,0.1,337253
200059,2325,5,4,0.21,1991,1,suburban,3,0,2.9,7.3,415802
200060,1771,4,3,0.08,2009,3,downtown,4,0,1.1,3.5,527988
200061,1954,4,3,0.21,2005,1,downtown,4,0,1.5,0.1,555319
200062,1388,3,3,0.1,2004,2,downtown,3,0,1.3,0.1,546697
200063,1890,4,5,0.28,1987,2,suburban,5,0,0.5,10.2,544909
200064,2472,5,4,0.78,1987,2,suburban,2,0,5.5,8.2,568510
200065,1505,3,2,0.12,1964,2,suburban,5,0,1.3,3.0,349747
200066,2034,4,3,0.05,1982,2,downtown,3,0,1.4,6.5,631420
200067,691,1,1,0.32,1979,0,downtown,5,0,2.7,0.1,277637
200068,1187,2,2,0.05,1988,0,downtown,3,0,0.2,0.2,427329
200069,760,2,1,0.25,1978,3,suburban,5,0,0.9,6.9,234725
200070,2076,4,3,0.11,1969,0,downtown,3,0,3.3,0.1,570088
200071,2024,4,3,0.56,1999,2,rural,3,0,0.7,21.3,321247
200072,1045,2,1,0.22,2020,2,downtown,3,0,1.4,0.1,413427
200073,2423,5,3,0.17,1989,2,suburban,2,0,2.0,7.7,498742
200074,1875,4,4,0.09,1998,1,suburban,4,0,2.2,6.4,397270
200075,500,1,1,0.08,2005,1,downtown,1,0,6.9,2.4,222258
200076,2291,5,3,0.74,1995,2,suburban,3,0,0.1,9.6,464287
200077,500,1,1,0.05,1966,2,downtown,3,0,1.9,0.1,256524
200078,2292,5,4,0.11,1954,2,rural,4,0,4.4,19.9,380329
200079,1421,3,2,3.42,1997,1,rural,4,0,0.3,22.9,268515
200080,1510,3,3,0.13,1987,2,downtown,4,0,5.7,0.8,401866
200081,1609,3,2,0.05,1963,3,downtown,5,0,1.9,4.2,497328
200082,1814,4,2,0.05,1995,0,suburban,4,0,3.9,7.4,367382
200083,1474,3,3,0.29,1990,1,suburban,1,0,0.1,10.7,334157
200084,2532,5,5,0.26,1971,2,waterfront,4,0,12.4,10.7,875651
200085,1363,3,3,0.05,1958,1,suburban,3,1,0.1,5.2,345357
200086,1917,4,3,0.9,1998,2,suburban,2,0,6.3,7.9,456444
200087,2383,5,5,0.22,1972,1,suburban,2,0,1.3,6.4,562071
200088,1914,4,3,0.51,1977,1,rural,3,0,2.6,18.2,267045
200089,2271,5,5,0.4,1981,1,waterfront,3,0,2.1,9.6,694708
200090,2111,4,1,0.45,1967,2,waterfront,3,0,2.5,13.8,597415
200091,2666,5,4,4.04,2001,2,rural,4,0,4.2,21.5,417503
200092,1873,4,3,0.51,1994,2,suburban,3,1,1.0,8.6,457173
200093,2176,4,3,0.23,1978,2,suburban,3,0,1.3,8.7,479551
200094,1293,3,2,0.05,1993,1,downtown,4,1,2.6,4.6,385210
200095,1383,3,2,0.05,2016,2,downtown,3,0,17.6,0.8,363055
200096,500,1,1,0.05,2004,0,downtown,4,0,1.0,3.0,242619
200097,1186,2,2,0.1,1984,3,suburban,3,1,0.1,8.7,291384
200098,2721,5,4,0.1,1984,3,waterfront,4,0,5.6,13.9,928656
200099,1824,4,3,0.07,1971,1,downtown,3,1,2.6,6.4,587643
200100,1473,3,2,0.05,1984,1,suburban,3,0,1.0,10.4,342121
200101,2187,4,3,0.22,1984,2,rural,4,0,0.1,16.5,325058
200102,500,1,1,0.05,1983,1,downtown,2,0,3.5,0.1,238258
200103,1337,3,2,0.12,1986,2,downtown,5,0,4.9,0.1,502596
200104,932,2,2,0.17,2004,2,downtown,4,0,3.9,0.1,359116
200105,1484,3,2,0.78,1984,2,waterfront,4,1,16.8,18.4,520189
200106,1260,3,2,0.05,1989,1,downtown,3,0,3.9,0.1,473578
200107,1019,2,3,0.39,2006,3,suburban,3,1,2.7,7.9,385416
200108,2890,6,5,4.79,1971,1,rural,3,0,0.6,19.9,506834
200109,1121,2,2,0.07,2007,1,downtown,3,0,0.9,0.1,337775
200110,2780,6,4,0.15,1979,1,rural,3,0,5.3,15.3,357495
200111,1380,3,3,0.06,1978,2,suburban,4,0,6.1,14.2,319795
200112,1701,3,2,0.83,1971,0,suburban,2,0,8.1,8.2,267036
200113,1269,3,3,0.2,2004,2,downtown,4,0,0.1,0.1,525538
200114,680,1,1,0.06,1971,3,downtown,2,0,5.5,1.5,278988
200115,2281,5,4,0.25,2007,1,suburban,4,0,3.2,11.6,507322
200116,1622,3,3,0.76,1979,2,waterfront,4,0,1.6,15.6,498368
200117,2560,5,4,1.14,1981,2,rural,1,0,1.4,20.4,413193
200118,1376,3,2,0.14,1978,1,suburban,2,0,3.3,5.9,379176
200119,1829,4,4,0.2,1957,2,suburban,3,0,4.3,3.1,436217
200120,2426,5,4,1.31,1992,0,waterfront,5,0,0.3,6.9,790702
200121,2285,5,4,0.23,2003,2,suburban,3,0,0.4,3.3,540742
200122,715,1,2,0.05,1989,2,downtown,3,0,2.0,1.7,343850
200123,1435,3,2,0.09,1985,1,downtown,3,0,1.6,1.1,384346
200124,1853,4,4,1.1,1973,2,rural,2,0,1.8,16.4,301419
200125,2022,4,3,0.2,1985,2,rural,3,0,1.5,19.6,291224
200126,3289,7,5,0.26,1969,2,waterfront,4,0,14.2,13.7,1083935
200127,1249,2,1,0.13,1985,0,suburban,4,1,2.3,5.7,313883
200128,2216,4,3,0.33,1960,3,suburban,4,0,3.9,5.9,466255
200129,1304,3,3,0.23,1982,2,suburban,3,0,4.8,5.3,296207
200130,1841,4,3,0.92,2000,2,waterfront,4,1,4.2,12.4,676998
200131,1664,3,2,0.89,1948,1,rural,3,0,2.2,21.5,232139
200132,2419,5,4,1.33,1994,1,waterfront,4,0,6.3,12.8,799023
200133,1946,4,3,1.03,1995,1,rural,5,0,5.2,17.3,301831
200134,2208,4,3,0.21,1995,1,suburban,2,0,0.2,8.2,470635
200135,1098,2,1,0.35,1966,2,waterfront,3,0,3.2,11.6,383084
200136,1945,4,3,0.05,1976,1,downtown,2,0,0.2,1.5,536738
200137,1432,3,3,1.96,1933,1,rural,5,0,0.6,22.8,217963
200138,1299,3,3,0.05,2000,2,rural,3,1,0.9,18.4,254948
200139,1302,3,2,0.24,2008,0,suburban,3,1,1.2,7.5,334503
200140,2655,5,4,0.46,1939,3,suburban,5,0,1.1,6.2,659063
200141,1755,4,4,0.3,1999,2,suburban,4,1,2.2,8.9,475248
200142,1461,3,2,0.05,1986,2,suburban,2,1,0.1,4.0,332352
200143,2140,4,4,0.06,2008,1,suburban,1,1,10.3,10.2,490533
200144,1421,3,2,0.05,1974,2,suburban,4,0,2.3,6.1,372388
200145,2727,5,5,0.69,1995,1,waterfront,3,0,0.8,15.2,738991
200146,816,2,2,0.08,1987,1,suburban,2,0,3.1,10.6,210863
200147,2418,5,4,0.31,1994,2,waterfront,4,1,2.4,14.2,839660
200148,1874,4,3,3.67,1955,2,rural,3,0,2.1,21.7,260706
200149,2364,5,4,2.86,1982,0,rural,3,0,14.4,16.3,337633
200150,1774,4,3,2.64,1956,2,rural,2,0,4.6,19.6,287477
200151,1475,3,2,0.32,1999,3,rural,3,0,3.8,18.9,248321
200152,2266,5,5,0.05,1969,2,suburban,3,0,0.3,6.3,622095
200153,1863,4,3,0.25,2024,2,suburban,4,1,5.2,11.6,421224
200154,1198,2,2,0.12,1972,2,downtown,3,0,0.5,0.1,321445
200155,1440,3,2,0.13,1964,2,downtown,4,0,1.6,6.6,425923
200156,2344,5,3,0.13,1991,1,suburban,1,1,5.3,8.4,396086
200157,2316,5,4,0.55,1995,2,suburban,3,1,0.3,6.4,537736
200158,2686,5,4,0.05,2000,2,suburban,2,0,3.2,7.7,524465
200159,1977,4,3,0.09,2003,2,suburban,4,1,2.0,5.6,359197
200160,2242,4,3,0.25,1986,3,suburban,2,0,0.9,10.4,408109
200161,533,1,2,0.36,1952,1,downtown,2,0,0.9,4.5,234197
200162,2374,5,4,0.37,1988,2,suburban,2,0,2.0,9.3,543375
200163,2684,5,3,0.24,1985,2,suburban,3,1,4.6,5.8,518662
200164,800,2,2,0.07,1969,1,downtown,5,0,6.1,0.1,270412
200165,1969,4,3,1.2,1981,1,waterfront,4,0,1.4,21.6,644083
200166,1080,2,2,0.3,2012,2,suburban,3,0,2.3,9.5,270719
200167,2616,5,4,4.73,1978,1,rural,5,0,0.5,18.8,515340
200168,666,1,1,0.07,1989,3,downtown,3,0,3.3,0.1,310545
200169,1405,3,2,0.05,2008,2,waterfront,5,1,3.9,19.8,566187
200170,2052,4,4,0.75,1992,2,rural,4,0,1.3,23.9,314132
200171,2072,4,3,0.52,1980,1,suburban,3,0,4.1,6.9,484009
200172,2560,5,4,1.16,2009,2,suburban,2,0,1.2,6.6,563716
200173,998,2,2,0.18,2002,2,downtown,3,0,0.7,0.1,404315
200174,2089,4,4,0.55,1998,1,waterfront,5,0,2.5,11.6,629905
200175,1870,4,4,0.14,1974,2,suburban,5,1,5.9,7.7,478188
200176,2070,4,4,0.66,1974,3,rural,2,0,2.3,19.3,298625
200177,500,1,1,0.09,1963,2,downtown,1,0,5.7,0.1,233104
200178,2855,6,5,0.05,1972,2,waterfront,5,0,2.2,9.2,906709
200179,1332,3,3,0.18,1988,2,downtown,3,0,1.7,4.0,472848
200180,2686,5,5,0.5,1962,2,waterfront,4,1,2.2,11.3,786981
200181,2012,4,3,0.28,1985,2,suburban,2,1,1.3,13.1,419926
200182,1181,2,1,0.05,1943,2,downtown,3,0,2.2,0.1,332017
200183,2440,5,5,0.69,1981,0,rural,4,0,1.3,22.0,382620
200184,1810,4,3,0.15,1971,2,suburban,3,0,3.8,3.3,442501
200185,2272,5,4,2.32,1979,2,rural,3,0,1.6,17.3,357419
200186,1238,2,2,0.11,1981,2,downtown,3,0,0.1,3.1,411613
200187,1990,4,4,0.05,1962,0,suburban,3,1,2.0,8.3,404845
200188,1246,2,1,0.13,1999,2,downtown,4,0,1.7,0.1,452916
200189,1667,3,3,0.48,1990,3,suburban,3,0,2.6,8.8,447923
200190,1368,3,2,0.37,2014,2,rural,2,0,1.3,23.9,255351
200191,1724,3,2,0.11,2004,1,suburban,3,0,1.8,12.8,334787
200192,2012,4,3,1.0,1975,1,suburban,1,1,1.5,7.2,516302
200193,1753,4,3,0.66,2008,3,suburban,3,0,1.5,9.1,367433
200194,1236,2,2,0.23,1961,2,suburban,4,0,1.1,5.6,284957
200195,569,1,1,0.34,1945,2,downtown,2,0,3.0,3.2,174092
200196,1856,4,3,0.42,2002,2,waterfront,3,0,0.1,19.9,529029
200197,1332,3,3,0.2,1991,1,downtown,4,0,6.3,0.1,459463
200198,1785,4,3,0.14,2005,1,suburban,3,0,1.5,1.6,545347
200199,2396,5,4,0.43,1996,1,suburban,2,0,1.7,8.3,525726
200200,500,1,2,0.38,1980,2,suburban,2,1,1.3,6.1,239895
200201,932,2,2,0.05,1999,2,downtown,2,0,4.4,2.5,385152
200202,2554,5,4,1.34,1989,0,rural,3,0,0.2,17.6,349384
200203,2215,4,4,0.71,1985,2,rural,4,1,0.2,17.5,294822
200204,818,2,2,0.26,1972,2,downtown,5,0,1.9,2.9,307741
200205,1173,2,2,0.52,1924,2,waterfront,4,1,3.4,12.6,496792
200206,1713,3,3,1.47,2012,1,rural,4,0,2.1,17.9,271165
200207,1486,3,2,0.1,1978,2,suburban,1,1,4.1,8.5,322640
200208,1648,3,3,0.11,1975,2,suburban,5,0,7.2,9.2,369407
200209,1167,2,3,0.05,2013,0,downtown,2,0,3.3,3.8,375411
200210,1898,4,3,0.31,1979,0,suburban,3,0,2.1,3.7,310240
200211,500,1,1,0.05,1975,2,downtown,5,0,3.2,5.4,284146
200212,1162,2,2,0.05,2017,1,downtown,4,0,1.1,0.1,477660
200213,2296,5,4,0.68,1974,1,rural,3,0,5.4,19.5,316054
200214,1302,3,3,0.27,1936,0,suburban,3,0,2.2,4.5,332862
200215,2260,5,5,7.46,1998,1,rural,3,1,1.0,21.8,456593
200216,2574,5,4,1.1,1957,2,suburban,1,0,4.6,7.3,587396
200217,1602,3,2,0.08,1982,2,suburban,3,1,9.5,3.1,374971
200218,2115,4,3,0.13,1971,1,waterfront,2,0,4.6,8.7,634233
200219,1550,3,3,2.24,1968,3,rural,3,0,6.6,16.2,262438
200220,1275,3,2,0.32,1981,2,downtown,3,0,3.4,0.4,414292
200221,3293,7,5,1.13,1956,0,rural,4,0,4.7,19.2,415076
200222,2294,5,4,0.15,1991,2,waterfront,4,1,2.9,13.3,780035
200223,2157,4,3,2.53,1999,2,rural,2,0,4.4,16.1,326152
200224,1199,2,2,0.05,1980,2,downtown,3,0,5.7,0.1,395471
200225,1790,4,3,0.33,1977,1,suburban,5,0,0.1,6.1,390435
200226,2460,5,4,0.9,1988,2,suburban,3,0,0.9,2.1,588472
200227,1844,4,3,5.01,1985,1,rural,1,1,0.6,17.1,333826
200228,2343,5,3,0.43,2024,2,waterfront,4,1,1.3,11.4,889666
200229,2019,4,1,0.46,1959,1,rural,5,0,0.2,21.1,204974
200230,2299,5,4,2.37,2004,2,rural,4,0,6.3,14.7,387648
200231,2145,4,2,0.05,1963,1,suburban,1,0,10.2,4.7,413772
200232,1625,3,2,0.72,2007,1,rural,4,0,0.6,22.4,247094
200233,2929,6,4,2.16,1986,2,rural,2,0,2.6,17.6,448124
200234,1048,2,2,0.05,2001,2,suburban,3,0,8.1,9.6,293596
200235,2608,5,4,2.37,1998,1,rural,4,0,1.3,21.3,408358
200236,2589,5,4,1.37,1986,1,rural,2,0,4.0,19.1,356132
200237,2169,4,3,0.54,2002,2,rural,5,1,2.1,21.7,366468
200238,1410,3,3,0.05,2012,1,downtown,5,0,1.1,3.1,463830
200239,1875,4,4,1.96,2009,3,rural,1,0,0.2,20.8,262560
200240,2004,4,4,0.12,1954,2,suburban,3,1,4.6,6.4,372405
200241,1983,4,3,0.94,1988,2,rural,4,0,1.6,21.5,292789
200242,1930,4,3,1.18,1951,0,suburban,3,1,10.6,7.3,374420
200243,1878,4,4,0.85,1955,1,rural,3,0,1.0,18.0,287132
200244,1834,4,3,0.05,1988,2,suburban,4,0,0.9,10.4,370604
200245,1412,3,3,0.63,2005,3,rural,2,0,8.7,20.8,249603
200246,1370,3,3,0.11,1999,2,downtown,1,0,0.9,2.7,442157
200247,1607,3,3,0.33,1984,0,suburban,4,0,1.7,7.5,343119
200248,1396,3,2,1.9,1983,2,rural,3,0,0.3,20.9,241355
200249,1850,4,3,0.57,1983,2,rural,4,0,0.3,17.9,307551
200250,2236,4,2,0.48,1989,2,waterfront,4,0,0.2,14.0,678523
200251,941,2,2,0.14,1991,2,suburban,3,0,0.9,10.2,250936
200252,2659,5,4,0.05,1988,2,suburban,3,0,0.1,8.1,436119
200253,1596,3,2,0.05,1975,2,downtown,3,0,0.5,5.3,503684
200254,2370,5,4,0.68,1991,1,rural,3,0,2.3,15.9,298277
200255,1865,4,4,4.9,1982,1,rural,3,0,6.3,21.0,328073
200256,1374,3,2,0.59,1985,2,suburban,4,0,4.1,14.2,297718
200257,706,1,1,0.12,1976,1,downtown,1,0,4.0,0.1,212782
200258,1227,2,1,0.05,1993,1,downtown,3,0,2.8,0.1,355695
200259,1256,3,3,0.08,1953,2,downtown,4,0,0.6,0.1,319248
200260,2001,4,3,0.06,2024,2,waterfront,2,0,0.5,9.0,709078
200261,1733,3,2,0.21,1979,2,suburban,2,0,2.5,7.8,418396
200262,2298,5,5,0.52,1987,2,suburban,3,0,4.7,4.0,501862
200263,1954,4,4,0.05,2009,3,waterfront,3,1,6.3,10.6,767222
200264,876,2,2,0.05,1973,1,waterfront,4,0,17.6,6.4,345384
200265,572,1,1,0.05,1972,2,downtown,4,0,0.1,0.1,292572
200266,1231,2,2,0.05,2015,2,suburban,4,0,4.2,8.3,360992
200267,1737,3,3,0.14,1976,3,downtown,4,0,4.3,0.1,621311
200268,2535,5,5,0.09,2007,2,waterfront,4,1,0.7,8.7,796265
200269,1625,3,2,0.07,1966,2,downtown,4,0,1.0,5.6,422687
200270,2445,5,3,0.16,2007,1,waterfront,4,1,2.7,14.5,686427
200271,2556,5,4,0.42,1990,1,rural,3,1,0.9,18.4,385218
200272,500,1,1,0.23,2008,3,downtown,3,0,16.7,2.0,257759
200273,846,2,2,0.05,2000,3,downtown,5,0,0.1,2.8,349321
200274,1077,2,2,0.08,1973,1,downtown,4,0,0.1,2.9,415009
200275,2735,5,5,1.96,1989,2,rural,5,0,1.8,23.1,377688
200276,1966,4,4,0.26,1988,1,downtown,3,0,16.3,2.9,579008
200277,1766,4,3,0.34,1963,3,suburban,2,0,3.5,12.4,431230
200278,2470,5,4,0.27,1964,1,suburban,4,0,3.3,7.0,517840
200279,1461,3,3,0.12,1993,3,downtown,3,0,1.5,2.4,502752
200280,1224,2,2,0.27,2000,1,suburban,2,1,1.7,8.6,290171
200281,2165,4,4,0.12,1997,1,waterfront,4,0,0.1,9.6,715312
200282,2410,5,5,0.05,1982,1,waterfront,2,0,5.1,11.4,668883
200283,870,2,1,0.06,1975,1,downtown,2,0,4.3,0.1,293729
200284,2039,4,3,0.11,2006,1,suburban,2,1,1.3,6.6,463641
200285,1010,2,2,0.05,1984,1,downtown,4,0,0.4,0.1,373670
200286,2546,5,3,0.07,2000,0,downtown,3,0,5.2,0.6,608226
200287,2070,4,4,0.33,1994,1,suburban,3,0,13.7,9.1,410182
200288,1622,3,3,0.07,1983,2,downtown,4,0,5.9,0.1,450207
200289,1554,3,3,0.07,2023,2,suburban,4,1,2.4,12.9,466227
200290,616,1,1,0.05,1990,1,downtown,2,0,1.0,0.1,260113
200291,1533,3,3,0.05,2008,2,suburban,2,0,0.7,8.6,379560
200292,1046,2,2,0.1,1992,2,downtown,2,0,1.3,0.9,336288
200293,1671,3,2,1.2,1940,2,waterfront,2,0,1.7,5.6,522553
200294,2894,6,5,1.43,1962,2,rural,5,0,2.1,13.7,501571
200295,1423,3,2,0.1,1973,2,rural,3,0,1.4,21.0,209213
200296,2828,6,5,0.54,1976,2,rural,4,0,1.5,20.3,455220
200297,1848,4,3,0.06,1986,3,rural,3,0,3.4,20.8,306588
200298,1772,4,3,0.16,1995,1,waterfront,5,1,3.8,14.6,732828
200299,1455,3,2,0.05,1952,1,waterfront,4,0,0.6,10.8,507870
200300,1104,2,1,0.34,1990,2,downtown,3,0,1.9,4.6,401516
200301,2632,5,4,3.4,1966,2,rural,5,0,7.2,25.2,443251
200302,1246,2,1,0.13,1975,2,suburban,4,1,4.0,2.5,332616
200303,2190,4,2,0.17,2003,1,suburban,4,0,8.0,8.3,449820
200304,2836,6,5,0.79,2002,0,rural,4,0,0.3,16.6,502715
200305,1274,3,2,0.13,1986,2,downtown,2,0,2.5,0.4,433770
200306,2122,4,3,0.85,1994,0,rural,2,0,1.8,21.7,250788
200307,867,2,2,0.52,1983,1,suburban,3,0,1.2,12.0,209082
200308,783,2,1,3.3,1958,2,rural,3,0,1.1,20.6,196656
200309,1786,4,3,0.16,1994,3,suburban,4,0,0.2,5.1,397160
200310,1696,3,2,0.05,1994,1,suburban,4,0,5.4,9.3,403963
200311,1567,3,2,0.13,2019,2,suburban,2,0,0.6,5.4,382612
200312,1033,2,1,0.21,1979,2,downtown,3,0,3.9,1.7,375745
200313,2532,5,4,0.23,1970,2,suburban,4,1,5.4,13.5,597425
200314,1870,4,4,0.09,1980,2,suburban,3,0,1.1,2.5,466164
200315,1953,4,3,0.05,2005,3,downtown,3,0,0.9,2.8,691883
200316,2735,5,4,0.5,1961,1,rural,3,0,0.5,19.1,316929
200317,1779,4,3,0.05,2005,1,rural,3,1,5.4,25.0,289846
200318,1820,4,3,0.05,1982,2,waterfront,3,1,2.6,11.7,636076
200319,1972,4,3,0.24,2004,1,suburban,5,0,2.4,4.9,443847
200320,1898,4,3,0.51,1998,2,rural,5,1,1.8,22.5,305803
200321,1538,3,2,0.05,1926,1,downtown,3,0,0.5,0.1,493966
200322,2356,5,4,0.62,1981,1,rural,3,0,0.2,19.7,323143
200323,2462,5,3,0.6,1964,2,rural,3,0,5.2,17.7,369251
200324,2061,4,3,0.13,1971,2,suburban,3,1,14.7,10.7,506272
200325,1859,4,2,0.48,1954,1,waterfront,4,0,0.7,6.4,607566
200326,2412,5,5,0.05,1990,2,rural,1,0,14.5,17.1,302021
200327,2493,5,4,0.22,2003,1,rural,4,0,2.8,21.4,376768
200328,2690,5,4,0.08,1969,2,suburban,3,0,4.1,8.9,473452
200329,2056,4,2,5.29,1976,0,rural,2,0,0.1,13.9,306563
200330,2755,6,5,0.33,1967,3,suburban,2,0,2.6,8.0,734142
200331,1298,3,2,0.05,1981,1,downtown,4,0,2.2,3.3,443727
200332,2349,5,5,5.83,2008,1,rural,1,0,0.7,23.6,468862
200333,2382,5,3,0.24,1967,0,suburban,4,0,3.1,6.9,459462
200334,1763,4,3,0.05,1990,2,rural,3,0,0.1,23.5,273197
200335,2304,5,5,0.05,1941,2,waterfront,3,1,0.3,14.6,707109
200336,1055,2,2,0.08,1990,3,downtown,5,0,5.0,0.1,364363
200337,2402,5,5,0.11,1991,1,suburban,4,0,3.6,5.2,542335
200338,1980,4,4,0.06,2013,0,suburban,3,0,2.9,6.9,445980
200339,2477,5,4,0.08,1988,2,downtown,3,0,5.1,0.1,676474
200340,1905,4,3,1.9,1963,3,rural,4,0,3.9,24.2,264844
200341,2099,4,3,0.24,1999,0,suburban,3,1,4.4,7.3,404199
200342,2815,6,5,1.21,1973,2,rural,5,0,0.4,21.3,419537
200343,1709,3,2,0.21,1994,3,suburban,3,0,1.5,5.1,324658
200344,1522,3,3,0.13,1969,2,rural,5,0,9.3,19.8,206741
200345,901,2,2,0.12,1979,1,suburban,4,1,0.2,5.1,347884
200346,2595,5,3,0.81,2003,2,waterfront,2,0,7.2,7.3,722553
200347,1089,2,1,0.09,1995,2,downtown,2,0,3.0,5.5,369244
200348,2084,4,3,0.05,1968,2,suburban,3,0,8.2,7.3,506847
200349,1905,4,4,0.28,2024,1,rural,2,0,7.0,17.5,249261
200350,1533,3,3,0.13,2009,2,suburban,4,0,3.0,9.4,427707
200351,1825,4,3,0.28,1996,2,suburban,2,1,2.8,4.2,446913
200352,1994,4,3,0.06,1989,1,downtown,2,0,1.5,0.6,520397
200353,611,1,1,0.55,1985,0,suburban,2,0,2.5,4.5,183907
200354,2511,5,5,0.05,1996,3,waterfront,4,1,0.2,11.7,856074
200355,500,1,1,0.05,2004,0,downtown,1,0,3.1,0.1,207576
200356,500,1,1,0.39,1995,1,suburban,3,1,0.3,9.5,200130
200357,1497,3,4,5.11,1981,1,rural,4,0,0.8,18.9,313886
200358,1225,2,1,0.38,1950,1,downtown,4,0,3.9,6.1,291428
200359,2369,5,4,0.12,1969,2,rural,3,0,2.2,21.3,299019
200360,2014,4,4,0.07,1961,2,downtown,3,0,2.6,0.7,501502
200361,1101,2,2,0.41,1984,2,suburban,4,1,3.6,7.5,363899
200362,2356,5,4,0.29,2024,1,rural,3,0,2.2,14.5,349128
200363,2232,4,3,5.68,1982,0,rural,4,0,1.6,16.1,415830
200364,1225,2,2,0.09,1988,2,downtown,3,0,7.3,0.1,402595
200365,1485,3,2,0.11,2024,2,suburban,4,1,0.3,12.0,397613
200366,553,1,1,0.17,1953,0,downtown,4,0,4.8,7.9,173694
200367,2439,5,4,11.58,1965,3,rural,1,0,6.8,23.0,444925
200368,840,2,2,0.11,2008,1,downtown,4,0,1.1,0.1,340973
200369,2279,5,4,0.18,1998,2,waterfront,5,0,0.4,14.2,853007
200370,2247,4,3,0.11,1955,2,suburban,4,0,0.8,3.4,434302
200371,1254,3,2,0.05,1993,2,downtown,2,0,1.4,1.8,398391
200372,1708,3,2,0.11,1975,2,suburban,5,0,5.9,9.2,393608
200373,1365,3,2,0.11,1985,2,downtown,3,0,1.1,0.1,464098
200374,1356,3,2,0.11,1991,2,downtown,4,0,1.1,4.1,491962
200375,2476,5,4,0.37,1986,2,rural,4,0,0.6,19.5,365566
200376,1814,4,3,0.09,2021,2,downtown,4,0,3.7,4.7,627493
200377,1980,4,4,0.05,2003,0,suburban,5,0,3.0,7.3,398001
200378,1581,3,3,0.25,1970,1,waterfront,1,0,11.2,7.7,411330
200379,500,1,1,0.64,2024,1,suburban,5,1,0.2,14.9,262849
200380,2651,5,5,0.07,1977,2,suburban,4,0,1.8,10.6,499423
200381,2248,4,2,1.64,2000,1,suburban,2,1,1.6,7.6,460514
200382,1460,3,2,0.26,1979,2,downtown,2,0,1.3,5.3,376122
200383,2146,4,3,3.24,1971,2,rural,3,0,6.0,14.1,350837
200384,1788,4,3,1.45,1952,3,suburban,2,0,1.3,10.0,395794
200385,1268,3,2,0.08,1949,2,suburban,3,0,7.1,9.4,228587
200386,1156,2,1,0.05,1963,1,downtown,4,0,3.0,1.5,399639
200387,1098,2,2,0.19,1985,2,downtown,5,0,5.1,0.1,392170
200388,1906,4,3,0.15,1955,2,suburban,2,0,0.6,8.1,321958
200389,2595,5,5,0.34,1967,1,rural,3,1,1.0,20.3,356965
200390,1138,2,2,0.05,1982,2,downtown,2,0,1.4,0.1,422059
200391,1609,3,2,0.83,2008,0,suburban,3,0,3.0,9.4,322890
200392,1601,3,2,0.05,2008,1,suburban,3,1,3.1,12.8,403589
200393,1556,3,3,0.19,1974,1,suburban,5,0,3.5,9.5,345175
200394,1724,3,2,0.05,1957,1,suburban,3,1,7.3,8.0,353001
200395,1436,3,2,0.05,1991,3,downtown,4,0,0.7,6.0,424073
200396,1461,3,3,2.68,1982,2,rural,5,1,0.9,15.4,297850
200397,2128,4,4,0.84,1983,2,rural,3,0,2.5,21.6,336271
200398,2091,4,4,0.14,1980,2,suburban,5,0,4.1,9.3,478055
200399,1737,3,2,0.34,2017,1,suburban,4,1,4.2,7.0,355270
200400,1909,4,3,0.07,2018,3,suburban,4,0,1.7,10.8,450189
200401,1293,3,3,0.18,1979,0,suburban,1,0,0.8,7.0,322408
200402,2031,4,3,0.28,1970,2,suburban,4,0,2.6,11.7,374918
200403,1704,3,2,0.09,1973,3,downtown,3,0,0.3,0.1,537038
200404,1414,3,2,0.12,1979,2,downtown,4,0,0.7,0.7,450611
200405,2005,4,4,0.17,1985,1,suburban,2,0,0.4,10.3,436417
200406,855,2,1,0.14,1991,2,suburban,5,0,7.7,9.5,286468
200407,1758,4,4,0.09,2024,1,downtown,3,0,4.9,0.1,660025
200408,1412,3,3,0.13,1950,3,suburban,5,0,1.2,1.8,356154
200409,2014,4,3,0.67,1967,3,waterfront,3,0,0.8,11.9,486029
200410,885,2,1,0.07,1972,2,downtown,2,0,0.4,0.8,302014
200411,1939,4,2,0.08,2024,2,rural,3,0,0.3,15.7,274344
200412,2070,4,3,2.41,2005,1,rural,4,0,2.0,17.6,366381
200413,2236,4,3,0.28,1952,1,suburban,5,0,2.2,8.9,444483
200414,1996,4,3,0.81,1974,2,suburban,2,0,4.4,10.9,412554
200415,1925,4,4,0.05,1965,3,suburban,4,0,1.1,6.1,471670
200416,1447,3,3,0.05,1958,1,suburban,3,1,12.5,6.8,319371
200417,996,2,2,0.08,2011,3,downtown,2,0,7.3,0.3,417890
200418,1006,2,2,0.05,1993,3,downtown,3,0,3.6,2.8,356987
200419,2119,4,3,0.66,2012,3,rural,3,0,1.7,22.7,316255
200420,2115,4,3,0.71,1963,1,waterfront,4,0,4.1,11.3,527169
200421,620,1,1,0.05,2004,1,downtown,4,0,1.6,1.6,259914
200422,2628,5,4,0.14,1986,3,suburban,3,0,7.2,9.9,619055
200423,2134,4,4,1.29,1992,2,rural,2,0,2.0,19.7,324299
200424,1426,3,2,0.53,1991,2,suburban,2,0,2.2,7.2,279212
200425,1524,3,2,0.07,2004,2,waterfront,3,1,1.2,9.9,562995
200426,2245,4,3,1.11,1983,2,waterfront,4,0,0.2,12.8,689742
200427,1751,4,3,0.28,1976,2,suburban,1,0,6.7,7.8,423853
200428,586,1,1,0.67,1979,1,suburban,4,0,9.8,0.1,208749
200429,976,2,2,0.1,1987,0,suburban,2,0,2.1,6.1,219682
200430,636,1,1,0.08,1993,3,downtown,1,0,8.9,1.1,273102
200431,1030,2,1,0.12,1991,2,downtown,3,0,11.4,0.1,339825
200432,2389,5,4,0.36,1954,2,suburban,5,0,1.4,6.2,538648
200433,1374,3,1,0.46,2014,2,suburban,3,0,0.8,7.8,346651
200434,1028,2,1,1.02,1996,2,suburban,5,1,2.5,8.7,361642
200435,1821,4,3,1.22,2004,1,rural,5,0,0.9,19.1,324968
200436,1854,4,2,0.37,1973,2,waterfront,3,0,0.2,11.6,570821
200437,1751,4,2,0.12,1973,3,suburban,3,0,2.6,5.1,447680
200438,2286,5,4,0.05,1972,2,suburban,4,1,5.5,3.5,505311
200439,916,2,1,0.1,1963,1,downtown,3,0,1.6,1.4,280574
200440,2151,4,3,0.93,1983,2,suburban,3,1,1.1,8.1,406003
200441,2250,4,3,0.89,1962,0,rural,4,1,1.6,23.4,355402
200442,1661,3,3,0.7,1973,2,rural,4,0,13.1,22.0,214641
200443,2011,4,4,0.1,1943,2,suburban,5,0,3.0,7.0,411994
200444,1213,2,1,0.05,1983,2,downtown,3,0,1.9,2.2,409504
200445,1524,3,3,0.15,1991,2,downtown,4,0,1.8,0.1,472504
200446,1816,4,3,0.1,1968,2,suburban,2,0,4.8,0.9,479238
200447,1644,3,3,0.18,1971,1,downtown,1,0,0.4,1.6,427624
200448,1283,3,3,0.62,1992,1,waterfront,4,1,3.1,9.3,489573
200449,2381,5,4,1.83,1994,2,waterfront,2,0,12.1,15.2,744048
200450,1623,3,3,0.12,1975,2,downtown,2,0,1.9,1.6,508164
200451,1426,3,2,1.08,1977,1,suburban,4,0,3.8,1.3,323638
200452,633,1,1,0.09,1987,3,downtown,5,0,1.8,1.7,295841
200453,1966,4,2,3.65,1978,2,rural,2,0,7.3,21.5,329481
200454,1540,3,2,0.05,2008,2,downtown,2,0,2.6,0.1,450210
200455,1262,3,2,0.18,2010,1,downtown,3,0,1.0,1.9,481721
200456,3124,6,4,0.87,1997,1,rural,2,0,5.9,20.3,422839
200457,2133,4,4,0.15,2001,0,downtown,4,0,1.0,2.5,515403
200458,2526,5,4,0.09,1975,2,waterfront,2,1,2.0,13.3,739826
200459,1181,2,2,0.05,2002,2,suburban,3,0,1.6,13.0,265829
200460,1123,2,2,0.09,1981,3,suburban,2,0,7.1,10.0,272948
200461,1736,3,2,0.72,1981,2,rural,2,0,3.1,17.3,240422
200462,2737,5,5,2.3,1993,2,rural,3,1,1.8,20.5,467046
200463,2745,5,5,7.82,1999,1,rural,4,0,1.4,18.1,438622
200464,2772,6,5,0.83,1969,3,suburban,2,0,4.0,7.7,577854
200465,1916,4,4,0.38,2002,0,suburban,3,0,0.5,5.1,405811
200466,2527,5,5,0.23,1952,0,rural,5,0,5.1,22.6,294539
200467,2002,4,4,0.79,1973,1,waterfront,4,0,0.3,11.1,587998
200468,2110,4,3,0.05,1981,1,downtown,4,0,2.1,0.4,653196
200469,1815,4,3,0.9,1972,1,rural,3,0,1.9,20.6,264129
200470,2845,6,5,1.06,1989,2,rural,4,0,0.5,19.0,439520
200471,762,2,2,0.07,2013,1,downtown,1,1,2.7,0.1,382227
200472,500,1,2,0.06,1973,2,downtown,3,0,2.7,0.1,241123
200473,1646,3,3,0.09,1992,2,suburban,3,1,3.0,10.5,316568
200474,500,1,2,0.26,1977,2,suburban,2,0,0.8,7.3,203127
200475,3107,6,5,0.39,1978,0,waterfront,4,0,4.5,9.2,840380
200476,1564,3,2,0.16,1993,2,suburban,2,0,3.3,10.0,289371
200477,570,1,1,0.13,1998,2,downtown,5,1,1.2,4.3,373032
200478,1850,4,3,0.66,1970,2,rural,3,1,6.3,19.8,298207
200479,1652,3,3,0.05,1995,0,suburban,4,0,1.4,11.8,382108
200480,2088,4,3,0.44,1996,2,suburban,5,0,0.3,6.2,504691
200481,1968,4,4,6.08,2024,2,rural,1,0,0.1,23.6,406193
200482,2255,5,3,1.38,2024,0,rural,4,0,4.3,16.4,340592
200483,1867,4,3,0.28,1969,2,suburban,3,0,5.1,8.1,404855
200484,2007,4,3,0.24,1992,2,suburban,2,0,5.8,7.3,406834
200485,2195,4,3,0.05,1955,2,waterfront,3,0,0.8,15.8,687700
200486,1392,3,3,0.05,2005,2,downtown,2,0,4.3,1.0,411162
200487,2211,4,4,6.0,1938,2,rural,3,0,2.0,22.3,392773
200488,1945,4,3,0.26,1943,1,suburban,4,0,1.2,7.2,393028
200489,1557,3,2,0.31,1994,2,waterfront,3,0,10.1,6.2,449854
200490,846,2,2,0.05,1979,2,downtown,1,0,4.5,3.3,247099
200491,1022,2,2,0.21,2011,1,downtown,5,0,0.6,0.1,366527
200492,1192,2,2,0.08,1981,1,downtown,4,0,13.6,3.6,311124
200493,1225,2,2,0.05,1975,1,downtown,4,0,0.2,0.1,422225
200494,1729,3,2,0.13,2013,1,suburban,5,0,0.6,0.1,511033
200495,1855,4,4,0.23,2002,1,suburban,4,1,1.1,10.8,422623
200496,1124,2,1,1.29,1978,0,suburban,2,1,2.9,17.2,311358
200497,1573,3,2,0.12,1958,1,suburban,5,1,4.9,9.3,338647
200498,1683,3,3,0.1,1969,2,downtown,5,0,0.5,2.9,491763
200499,1300,3,2,0.05,1989,0,downtown,5,0,1.2,2.9,398134
200500,1737,3,2,0.13,1965,2,suburban,4,1,1.4,4.9,389295
200501,1749,3,3,0.91,1990,1,rural,5,0,1.5,17.5,299998
200502,1878,4,3,0.56,1962,2,suburban,4,0,6.7,13.0,418042
200503,1630,3,3,3.19,1976,2,rural,2,0,0.1,20.7,315480
200504,704,1,1,0.07,1994,1,suburban,5,1,11.0,8.0,253663
200505,1854,4,3,0.51,1996,0,waterfront,3,0,3.2,11.4,550307
200506,1532,3,3,1.65,1975,2,rural,4,0,2.5,19.4,291287
200507,1432,3,2,0.25,1982,3,waterfront,5,0,0.3,12.9,494555
200508,2759,6,4,3.01,1928,1,rural,3,0,1.4,24.1,402438
200509,2821,6,5,0.09,1990,2,suburban,4,0,0.1,7.6,606174
200510,2996,6,4,0.06,1980,3,suburban,3,0,0.2,10.1,786997
200511,846,2,2,0.05,1949,1,downtown,4,0,5.2,0.1,284237
200512,1729,3,2,0.37,1990,0,suburban,3,1,2.5,1.7,471246
200513,1762,4,3,0.31,1981,2,waterfront,4,0,0.5,7.2,706644
200514,2207,4,3,4.87,1981,1,rural,1,0,5.3,22.1,428588
200515,1071,2,1,0.1,2017,1,downtown,4,1,1.6,2.1,445759
200516,2535,5,4,0.2,1948,2,waterfront,5,0,6.4,13.0,736801
200517,1037,2,2,0.05,1999,0,downtown,3,0,1.5,1.1,338340
200518,1129,2,2,0.21,1989,3,suburban,3,1,0.9,4.5,328257
200519,1613,3,3,0.45,1989,3,waterfront,3,0,2.5,12.3,518242
200520,1267,3,2,0.05,1989,2,downtown,1,0,2.3,0.9,428255
200521,1802,4,3,0.58,1948,3,downtown,2,0,1.6,0.1,535204
200522,1627,3,3,0.09,1987,2,suburban,2,0,0.2,11.1,381725
200523,1816,4,4,0.05,1963,2,suburban,3,0,0.1,8.2,409280
200524,1297,3,2,0.63,1947,2,waterfront,3,0,0.7,11.2,466290
200525,874,2,2,0.05,1979,0,downtown,4,0,7.4,1.0,320285
200526,1621,3,3,0.16,1993,2,downtown,3,0,3.9,0.1,466628
200527,1987,4,4,3.69,2003,3,rural,1,1,0.9,20.4,395193
200528,1962,4,3,0.49,1993,3,suburban,3,0,0.3,8.4,585890
200529,500,1,1,0.07,1983,2,downtown,4,0,0.2,1.0,248483
200530,635,1,1,0.05,1990,2,downtown,4,0,1.6,0.6,291787
200531,1430,3,3,0.05,2005,3,downtown,5,0,0.3,0.1,472678
200532,2665,5,4,0.11,2013,1,suburban,5,0,1.0,7.0,529533
200533,2500,5,5,0.45,2008,2,waterfront,2,1,2.3,10.5,821812
200534,2199,4,3,0.05,2001,1,waterfront,4,1,1.4,17.4,706669
200535,996,2,1,0.08,1976,2,downtown,4,0,3.6,2.2,313491
200536,2071,4,4,0.82,1992,3,rural,4,1,1.8,22.3,366841
200537,1649,3,3,0.16,2001,0,suburban,5,0,0.6,9.3,358859
200538,1058,2,1,0.11,1976,2,suburban,3,0,4.1,8.8,269562
200539,1470,3,3,0.05,2006,1,suburban,2,1,5.9,6.4,313641
200540,2162,4,4,0.08,1992,3,suburban,3,0,0.1,3.6,425013
200541,2138,4,3,0.49,2017,2,suburban,3,0,1.0,9.2,546349
200542,2028,4,3,0.51,1947,3,suburban,3,0,7.0,7.4,415063
200543,2342,5,4,1.07,1982,1,rural,3,0,0.2,17.4,335658
200544,2416,5,4,0.05,1971,3,suburban,4,0,0.8,7.4,549907
200545,1527,3,2,0.05,2006,2,downtown,5,0,0.2,1.6,528987
200546,926,2,2,0.25,1981,3,suburban,3,1,0.5,6.5,281353
200547,2417,5,4,0.8,1963,2,rural,3,0,1.8,21.3,333567
200548,699,1,1,0.62,1966,3,suburban,4,0,2.4,6.4,253720
200549,1625,3,1,0.1,1984,0,suburban,3,1,0.4,8.3,348001
200550,1051,2,2,0.17,2001,1,suburban,3,0,0.2,4.7,281645
200551,1121,2,3,0.07,1997,1,downtown,3,0,1.6,0.1,425767
200552,2011,4,3,0.48,1964,1,waterfront,5,0,0.5,8.0,512640
200553,2346,5,3,0.1,1989,0,suburban,5,0,0.2,10.2,391028
200554,1955,4,3,0.95,1959,2,suburban,2,0,1.2,7.4,472093
200555,1493,3,2,0.05,1970,1,downtown,3,0,8.1,2.9,393022
200556,610,1,1,0.23,2000,3,downtown,3,0,6.8,0.1,239595
200557,542,1,1,0.05,1998,3,downtown,3,0,11.4,0.1,246902
200558,1483,3,2,0.73,1962,2,suburban,3,0,0.1,9.0,298918
200559,1749,3,2,0.31,2004,1,suburban,2,0,0.4,12.2,365637
200560,2129,4,3,0.11,2016,2,suburban,5,0,0.1,12.5,493890
200561,1406,3,2,0.05,1981,2,downtown,1,0,1.3,5.9,498726
200562,2425,5,4,1.02,1996,3,rural,4,0,0.4,18.8,415382
200563,1494,3,2,1.84,1982,2,rural,3,0,5.3,18.0,254374
200564,1308,3,3,0.18,1990,2,waterfront,3,1,0.1,11.3,534430
200565,2899,6,5,1.21,2008,0,waterfront,2,0,4.4,7.4,771593
200566,1048,2,1,0.49,1969,1,suburban,2,0,6.0,7.5,237171
200567,1965,4,4,0.51,1981,0,suburban,5,0,0.5,15.5,374594
200568,2276,5,3,0.54,2024,1,suburban,3,0,3.3,6.5,561384
200569,2525,5,4,0.05,1983,3,suburban,3,0,2.0,3.6,480049
200570,2186,4,3,4.83,1979,3,rural,3,0,4.5,20.8,335995
200571,591,1,1,0.05,1965,2,downtown,2,0,0.6,0.1,298686
200572,2311,5,4,0.43,2009,2,suburban,3,0,0.1,11.6,589502
200573,1912,4,3,0.05,2007,2,suburban,1,1,6.6,2.8,443512
200574,2029,4,3,0.16,1978,2,suburban,5,0,0.6,10.7,449116
200575,2291,5,4,1.7,2005,2,rural,3,1,1.0,20.3,394188
200576,1723,3,3,0.05,1975,2,suburban,4,0,3.0,5.6,401050
200577,2175,4,3,0.15,1988,2,waterfront,3,0,2.9,12.9,646052
200578,2115,4,3,0.87,1995,2,waterfront,3,0,2.6,10.2,800286
200579,2336,5,5,0.05,1982,1,suburban,3,0,6.5,11.4,544141
200580,864,2,2,0.15,1984,1,downtown,3,0,1.6,3.1,350838
200581,1281,3,3,0.05,2024,2,downtown,3,0,0.6,1.1,478880
200582,1872,4,3,0.05,1995,2,downtown,2,0,0.6,0.1,471933
200583,1694,3,3,0.06,1986,1,suburban,4,0,3.8,2.8,364496
200584,1627,3,2,0.29,1984,0,waterfront,3,0,1.9,14.9,511165
200585,2840,6,5,4.72,1986,1,rural,1,0,6.0,16.9,455381
200586,1787,4,3,1.17,1992,1,waterfront,4,1,0.1,10.7,794041
200587,2083,4,3,0.05,1976,2,suburban,3,0,10.0,4.4,419197
200588,1821,4,3,0.05,1999,2,suburban,4,0,0.2,9.0,383824
200589,2744,5,4,0.05,1977,1,downtown,3,0,11.5,1.6,672138
200590,1183,2,1,0.17,1991,1,suburban,5,1,7.4,6.4,334777
200591,1247,2,2,0.9,1987,2,rural,5,0,2.3,19.0,263837
200592,1117,2,1,0.13,1972,1,downtown,4,0,5.9,1.1,372981
200593,2224,4,3,0.23,1982,2,suburban,3,0,0.9,9.8,384370
200594,946,2,2,0.09,1993,2,rural,3,0,4.3,20.9,167325
200595,3156,6,4,3.79,1938,2,rural,4,0,6.9,18.9,503929
200596,1920,4,3,0.05,1990,2,downtown,3,0,0.3,0.1,555119
200597,2917,6,5,0.2,1973,2,waterfront,1,0,2.3,7.0,838357
200598,1140,2,2,0.05,1998,0,downtown,4,0,1.6,0.1,355259
200599,1471,3,3,1.18,1999,2,rural,3,0,0.6,18.4,264451
200600,964,2,1,0.05,2016,2,downtown,3,0,1.1,4.7,406408
200601,1112,2,2,0.07,1971,1,suburban,2,0,0.2,5.9,273606
200602,1344,3,3,0.09,2020,2,suburban,2,0,1.7,10.0,292961
200603,1304,3,2,0.15,1939,3,waterfront,3,0,1.5,10.9,494011
200604,2303,5,5,0.05,1974,3,suburban,3,0,2.1,7.5,562861
200605,1708,3,2,0.21,2018,2,suburban,5,0,4.9,5.3,394909
200606,1353,3,3,0.05,1989,0,suburban,5,1,3.3,11.8,354182
200607,1281,3,2,0.29,1949,2,downtown,5,0,16.2,0.1,444736
200608,2001,4,4,0.05,1971,1,suburban,3,0,3.9,11.7,347106
200609,2843,6,5,0.09,1985,2,suburban,4,0,1.3,3.4,498960
200610,500,1,1,0.45,1972,1,downtown,1,0,0.9,2.6,238976
200611,2867,6,4,0.31,1968,1,waterfront,3,0,5.0,18.3,875343
200612,1811,4,3,0.22,2021,3,downtown,2,0,0.1,3.1,453264
200613,1346,3,2,0.13,1989,2,downtown,3,1,0.4,2.5,572217
200614,1996,4,3,0.05,2019,1,suburban,4,0,6.8,5.0,460638
200615,1657,3,3,0.33,1994,1,suburban,3,0,0.6,4.5,372341
200616,1618,3,1,0.14,1974,3,downtown,3,0,2.5,2.4,434058
200617,2195,4,3,0.17,1989,2,suburban,4,0,12.3,9.2,429794
200618,1858,4,3,0.05,1988,2,suburban,3,0,0.9,9.5,377951
200619,1492,3,2,0.27,2001,2,suburban,4,0,3.1,10.5,362923
200620,1991,4,2,0.65,1985,2,rural,4,0,1.3,21.0,339170
200621,2883,6,5,0.43,1985,2,waterfront,3,1,4.4,14.2,831606
200622,2348,5,4,0.27,1995,3,suburban,4,0,3.5,4.2,481959
200623,2369,5,5,0.22,2015,2,waterfront,4,1,1.4,13.0,806485
200624,500,1,1,0.42,2000,2,downtown,5,1,4.1,0.5,294846
200625,2823,6,5,0.08,1989,3,waterfront,3,0,0.2,9.8,791022
200626,2374,5,4,1.83,1947,1,rural,4,0,3.3,21.4,314193
200627,500,1,1,0.14,1996,3,downtown,2,0,0.3,0.1,317850
200628,1810,4,2,0.95,2001,1,rural,4,0,3.7,17.6,249056
200629,1814,4,3,0.22,1975,3,suburban,1,0,2.0,7.9,426521
200630,1089,2,2,0.05,2024,2,downtown,4,0,0.1,0.1,384916
200631,841,2,1,0.05,1999,1,downtown,1,0,0.2,2.3,297547
200632,740,1,1,0.28,1987,3,downtown,4,0,1.4,5.7,298466
200633,2155,4,2,0.05,1977,1,suburban,5,1,1.8,4.0,545375
200634,2238,4,3,0.17,2006,0,suburban,3,0,2.9,7.9,503374
200635,1690,3,3,0.05,1930,2,downtown,3,0,0.7,0.6,459963
200636,1251,3,2,0.24,2004,2,suburban,3,0,0.1,7.8,311049
200637,1548,3,3,0.15,1967,1,suburban,3,0,1.7,3.1,392210
200638,2183,4,2,4.32,1983,2,rural,3,0,4.9,20.9,338428
200639,2321,5,4,0.16,1972,0,suburban,3,0,0.4,8.2,458473
200640,1330,3,2,0.05,1996,3,suburban,3,0,6.0,6.2,354090
200641,2452,5,5,0.82,1973,2,rural,4,0,1.9,18.9,415376
200642,1327,3,2,0.08,1963,2,waterfront,4,0,1.0,10.2,488285
200643,3017,6,5,0.89,1977,1,waterfront,3,0,0.1,14.2,978384
200644,1908,4,3,1.18,1993,2,waterfront,2,0,4.2,14.8,699910
200645,1532,3,2,0.05,2013,2,downtown,3,0,5.5,0.1,421644
200646,2139,4,3,0.1,1978,1,suburban,3,0,0.3,10.9,480415
200647,1263,3,3,0.05,1968,2,downtown,1,0,1.8,3.6,352543
200648,2503,5,4,1.92,2015,2,rural,5,0,5.5,18.8,444036
200649,1797,4,3,0.05,2012,1,downtown,4,0,0.3,1.3,551426
200650,1842,4,3,1.08,2003,3,suburban,3,1,3.7,5.2,473496
200651,2686,5,4,1.01,1961,2,rural,4,0,0.9,17.8,299773
200652,1682,3,2,0.16,2023,2,suburban,4,0,0.9,12.2,462582
200653,810,2,2,0.05,1979,2,suburban,4,0,3.9,7.4,245511
200654,2349,5,4,0.71,1993,0,suburban,2,0,2.6,6.5,477511
200655,1566,3,3,1.37,2001,2,rural,3,0,3.3,22.3,220034
200656,1867,4,3,1.51,1974,1,rural,4,0,3.2,18.9,305509
200657,2379,5,4,0.94,1976,1,rural,5,0,1.0,20.5,363869
200658,1459,3,3,0.05,1982,1,suburban,5,0,0.9,11.9,354240
200659,1486,3,2,0.05,2012,3,downtown,2,0,2.0,0.1,413246
200660,530,1,1,0.05,2021,2,downtown,4,0,1.1,0.1,324190
200661,980,2,1,0.28,1939,3,downtown,3,0,0.7,2.0,296795
200662,1697,3,3,0.14,1951,1,rural,3,0,1.4,16.4,257665
200663,1123,2,1,0.05,1995,0,downtown,4,0,2.1,0.1,293055
200664,2107,4,4,0.06,1992,0,suburban,5,0,2.4,5.3,437247
200665,1083,2,2,0.18,1993,0,suburban,3,0,4.7,12.0,225837
200666,2390,5,3,2.21,1966,1,rural,4,0,4.8,23.2,336604
200667,1824,4,3,0.47,1960,2,suburban,4,0,0.3,12.3,416195
200668,1448,3,2,0.16,2019,1,suburban,1,0,11.2,6.9,339027
200669,1701,3,3,0.05,1985,3,suburban,4,1,0.6,5.6,455972
200670,2030,4,3,0.53,1986,2,suburban,3,0,0.7,6.5,403100
200671,500,1,1,0.09,1986,1,suburban,3,0,4.1,6.9,171970
200672,1778,4,3,0.06,1998,0,downtown,4,0,7.0,0.7,571343
200673,2808,6,5,1.13,1981,3,rural,3,0,4.6,24.4,414337
200674,1844,4,3,0.14,1984,2,downtown,1,0,3.1,1.5,586827
200675,624,1,1,0.08,1979,1,downtown,3,0,4.3,1.7,283582
200676,1669,3,1,0.41,1960,2,suburban,3,1,0.8,2.7,453000
200677,2046,4,3,0.57,1983,3,suburban,3,0,0.3,2.9,431593
200678,2101,4,4,0.61,1998,2,waterfront,3,0,9.4,14.3,668990
200679,684,1,2,0.07,1937,2,suburban,5,0,1.8,8.6,224047
200680,2927,6,5,0.59,1962,1,rural,1,0,1.1,17.7,370040
200681,864,2,2,0.2,1977,2,downtown,3,0,0.7,0.9,312474
200682,2099,4,4,0.2,2021,1,downtown,4,0,0.4,0.1,744170
200683,2188,4,3,0.24,1982,3,waterfront,5,1,4.9,12.9,807012
200684,500,1,1,0.06,1950,3,suburban,4,1,3.2,9.1,211749
200685,1271,3,2,0.27,2003,0,downtown,3,0,0.6,3.3,399447
200686,1934,4,3,0.11,1989,2,suburban,3,1,10.8,9.4,400778
200687,1587,3,2,0.05,1995,2,downtown,4,0,0.9,0.1,557189
200688,1726,3,2,0.17,1979,2,suburban,1,0,4.6,11.2,395457
200689,2020,4,3,0.77,1945,1,waterfront,5,0,6.3,13.4,734799
200690,2629,5,3,1.44,2018,2,rural,3,0,0.3,16.9,458077
200691,1565,3,2,0.27,1997,1,suburban,5,0,6.4,9.5,461341
200692,1486,3,2,0.16,2003,1,waterfront,3,1,0.9,9.1,581504
200693,1754,4,3,0.44,1979,2,suburban,3,0,4.3,9.1,482001
200694,2279,5,4,4.76,1984,2,rural,3,0,1.3,26.4,400522
200695,2159,4,3,0.05,1940,2,suburban,3,0,6.3,4.5,464061
200696,1917,4,3,1.5,1977,3,waterfront,2,1,0.5,15.6,699824
200697,500,1,1,0.2,2004,2,downtown,3,1,1.6,0.1,333611
200698,1896,4,4,1.85,1966,2,rural,3,0,0.9,12.9,367180
200699,1929,4,3,0.07,1977,1,suburban,4,0,1.8,4.1,360734
200700,1289,3,2,0.05,2005,0,downtown,3,0,2.5,0.1,435100
200701,1796,4,3,0.07,1981,1,suburban,4,0,0.5,6.7,421016
200702,1211,2,1,0.05,2000,1,suburban,2,0,3.2,15.3,271333
200703,1603,3,4,0.43,1962,1,waterfront,3,0,2.1,9.7,546973
200704,2053,4,4,1.11,1960,3,rural,4,0,3.5,20.0,350986
200705,1407,3,3,0.15,1993,2,suburban,3,0,1.0,10.0,368589
200706,1433,3,1,1.21,1967,1,suburban,2,1,2.7,3.6,415390
200707,1812,4,3,0.21,1960,1,suburban,2,0,5.8,9.3,342507
200708,637,1,1,0.11,1984,2,downtown,5,0,4.9,0.1,300496
200709,1535,3,2,0.09,1942,3,suburban,2,0,0.8,12.0,310510
200710,1781,4,3,0.11,2001,2,downtown,3,0,4.0,1.8,509996
200711,1751,4,4,0.26,1985,1,waterfront,3,0,0.9,8.6,621181
200712,2195,4,3,2.92,2008,0,rural,2,0,1.5,18.7,365154
200713,2538,5,5,0.88,1948,0,rural,5,0,0.2,22.7,338954
200714,2551,5,3,0.61,1952,1,rural,3,0,2.1,28.0,328040
200715,2048,4,3,0.96,1994,0,waterfront,4,0,3.2,11.0,616253
200716,1961,4,3,0.59,1984,2,waterfront,2,1,0.2,17.7,740461
200717,1949,4,3,0.29,2016,2,suburban,3,0,0.4,2.1,444083
200718,1464,3,3,0.18,1957,0,suburban,3,0,3.5,10.8,341709
200719,1658,3,2,0.53,1984,0,suburban,2,0,2.6,9.2,362758
200720,2083,4,3,1.97,2013,2,rural,4,0,12.9,22.6,343439
200721,3121,6,3,0.88,2024,2,waterfront,1,0,5.3,7.1,943207
200722,1236,2,2,0.08,1990,1,suburban,4,0,3.1,3.3,274540
200723,2301,5,4,0.79,2000,2,suburban,5,1,2.6,6.8,599849
200724,922,2,1,0.05,2000,2,downtown,5,0,5.8,1.4,297881
200725,1814,4,3,0.32,2015,2,suburban,2,1,2.7,9.8,424510
200726,1697,3,1,0.38,1997,2,suburban,3,0,3.1,10.4,441317
200727,732,1,2,0.29,1991,1,downtown,3,0,1.9,4.7,295603
200728,500,1,2,0.06,1988,2,downtown,3,0,2.6,9.1,251044
200729,1450,3,2,0.05,1980,1,suburban,4,1,3.2,7.6,378755
200730,1606,3,2,0.14,1946,2,suburban,2,0,1.7,11.9,298030
200731,1714,3,3,0.38,1968,1,suburban,3,0,0.9,10.1,348825
200732,1777,4,3,0.22,1986,2,suburban,3,1,1.1,9.8,436027
200733,1642,3,2,0.11,1974,2,waterfront,3,1,2.1,16.1,573566
200734,2037,4,2,0.41,1991,2,suburban,4,0,0.7,6.8,354837
200735,1411,3,3,0.05,1990,1,suburban,4,0,0.2,7.8,413118
200736,1743,3,2,0.05,1998,3,suburban,3,0,4.7,11.6,345470
200737,820,2,1,0.17,1999,3,downtown,3,0,1.9,0.1,344029
200738,787,2,3,0.68,1976,1,suburban,5,0,2.8,8.4,266562
200739,1270,3,3,0.05,1990,2,downtown,3,0,2.9,5.5,376279
200740,1796,4,4,0.26,1986,1,waterfront,3,0,2.4,11.4,792609
200741,557,1,1,0.05,1988,2,downtown,3,0,3.0,3.0,242864
200742,2643,5,4,0.09,1990,1,waterfront,3,1,5.8,9.4,756863
200743,1345,3,3,0.05,1946,1,downtown,4,0,3.8,0.1,451003
200744,2909,6,5,0.32,1960,3,waterfront,2,0,3.5,13.2,980898
200745,1837,4,3,0.2,2002,2,waterfront,2,1,2.7,12.2,536371
200746,2118,4,3,1.11,1999,1,waterfront,4,0,0.4,11.8,753402
200747,2159,4,3,0.21,2024,1,rural,4,0,3.7,19.9,339939
200748,1792,4,3,0.11,1980,0,suburban,4,1,1.1,5.9,465089
200749,1447,3,2,0.05,1994,2,downtown,4,0,0.1,0.1,427333
200750,713,1,1,0.07,1962,2,downtown,3,0,1.2,2.1,224043
200751,1124,2,1,0.29,1975,2,downtown,4,0,5.1,1.7,321136
200752,1563,3,3,0.25,2024,3,suburban,5,0,4.8,7.9,338014
200753,3036,6,5,0.3,2002,1,rural,3,0,1.3,17.3,378212
200754,2509,5,5,0.39,1959,1,suburban,5,0,1.7,5.7,563499
200755,2097,4,4,0.44,2019,1,suburban,3,0,11.2,6.6,430988
200756,1245,2,2,2.87,1987,0,rural,5,0,6.0,22.8,232201
200757,1622,3,2,0.05,1978,3,downtown,4,0,5.3,1.9,428480
200758,1627,3,4,0.49,1995,2,suburban,4,0,0.6,7.7,398319
200759,2691,5,4,0.71,1947,2,rural,5,0,0.9,23.5,455114
200760,1118,2,1,0.05,2013,0,waterfront,3,0,0.1,8.6,442645
200761,1367,3,2,0.16,1989,1,suburban,3,1,3.3,3.3,335351
200762,1946,4,3,0.09,1971,2,suburban,3,0,2.4,2.7,488831
200763,1635,3,3,0.93,2009,2,waterfront,2,0,1.0,11.2,523895
200764,1674,3,2,0.22,1995,1,rural,3,0,0.1,16.5,219156
200765,1296,3,3,0.06,1976,1,suburban,5,0,1.3,9.9,326130
200766,3065,6,5,0.89,2002,2,rural,4,0,0.7,18.3,426389
200767,1613,3,2,0.16,1990,0,downtown,2,1,1.4,3.4,445734
200768,1800,4,3,0.19,1963,2,suburban,3,0,0.7,13.2,397889
200769,1707,3,3,0.19,1989,1,suburban,2,0,2.3,5.7,375983
200770,1567,3,2,0.38,1957,2,suburban,3,0,2.8,8.5,359302
200771,1688,3,2,0.05,2005,2,downtown,3,0,4.5,0.1,504785
200772,979,2,1,0.06,1958,1,downtown,2,0,0.1,2.8,305937
200773,1895,4,4,0.18,1985,2,downtown,4,0,0.2,0.1,610323
200774,2758,6,5,0.66,1954,2,suburban,4,0,0.3,3.4,520272
200775,1837,4,3,1.59,1977,1,rural,4,0,0.4,16.3,278121
200776,2541,5,4,0.13,1937,1,suburban,3,1,4.4,11.6,541170
200777,1473,3,2,2.67,1964,3,rural,2,0,5.9,22.5,260976
200778,2284,5,4,0.15,1958,1,rural,4,0,1.2,23.0,325306
200779,657,1,1,0.12,1991,1,downtown,2,0,0.1,0.1,255732
200780,1775,4,2,0.05,1985,1,suburban,4,0,2.3,4.1,410302
200781,1552,3,2,0.08,2024,3,suburban,2,0,5.1,10.5,307118
200782,1997,4,4,0.46,1965,2,suburban,4,0,0.5,12.3,361911
200783,2006,4,3,0.2,1976,1,waterfront,4,0,1.8,12.0,567336
200784,1270,3,1,0.56,1961,2,suburban,4,1,4.1,12.1,333419
200785,2549,5,4,3.22,1964,0,rural,3,0,2.4,18.5,386101
200786,1655,3,2,0.21,1954,1,suburban,3,1,3.8,7.4,417945
200787,1879,4,3,6.77,1975,1,rural,2,0,4.1,21.6,402882
200788,2119,4,4,0.05,2003,1,rural,4,1,0.1,21.3,355948
200789,2307,5,4,0.11,1969,2,suburban,4,1,0.9,7.1,539460
200790,1333,3,3,0.72,1960,3,waterfront,2,0,1.2,11.1,443442
200791,3300,7,5,10.66,2017,1,rural,3,0,8.3,15.7,681581
200792,1321,3,2,0.05,1955,1,downtown,3,1,0.9,9.1,441141
200793,1472,3,3,1.33,1972,1,waterfront,4,0,4.7,13.8,568369
200794,2695,5,3,0.88,1986,1,waterfront,4,0,3.6,9.1,992462
200795,2450,5,3,0.42,1964,2,suburban,4,0,2.3,9.8,535867
200796,2383,5,4,0.5,1966,3,suburban,5,1,3.7,7.3,499757
200797,2804,6,4,1.4,1988,0,rural,4,0,2.0,20.2,397303
200798,1403,3,2,0.22,1981,3,suburban,4,0,0.1,4.0,353384
200799,1725,3,2,0.36,1968,2,waterfront,2,1,1.4,10.0,602840
200800,2661,5,3,0.83,2004,0,suburban,4,0,4.9,6.3,483102
200801,2688,5,4,0.21,2004,2,rural,1,1,1.4,23.5,383590
200802,1425,3,3,0.05,1978,1,waterfront,1,0,7.2,12.7,409518
200803,959,2,1,0.61,2016,2,suburban,2,0,22.8,12.4,211369
200804,1636,3,3,0.41,1992,3,suburban,2,1,3.2,5.0,378251
200805,1843,4,2,0.17,2024,1,suburban,3,1,1.3,8.4,474980
200806,2605,5,4,1.69,1956,2,rural,3,0,2.5,18.2,383206
200807,2155,4,3,0.41,2010,3,rural,4,0,2.8,19.8,347860
200808,1865,4,2,0.17,1997,0,waterfront,4,0,1.2,16.0,572462
200809,1134,2,2,0.05,1955,1,downtown,4,0,6.0,0.1,355879
200810,2060,4,3,2.61,1990,3,rural,3,0,0.1,19.2,327584
200811,1350,3,3,0.11,1959,3,downtown,3,0,0.3,4.9,463576
200812,1457,3,2,0.05,1996,2,rural,5,0,1.8,19.4,262123
200813,500,1,1,0.45,1945,1,suburban,1,0,0.8,8.9,155184
200814,1729,3,2,4.49,2018,3,rural,4,0,1.1,19.2,291280
200815,1229,2,2,0.08,1984,0,downtown,4,0,1.6,7.5,339953
200816,1567,3,2,0.19,1963,2,downtown,3,0,3.8,0.1,436196
200817,2091,4,3,0.21,1965,1,waterfront,3,0,0.6,14.2,619632
200818,2144,4,3,0.14,1989,0,downtown,3,0,3.8,4.6,556449
200819,2105,4,3,0.19,1991,2,suburban,4,1,1.9,5.5,477475
200820,2157,4,4,0.22,1998,3,suburban,3,0,0.8,7.7,481386
200821,1479,3,2,0.53,2024,2,rural,3,0,0.4,22.9,202285
200822,1324,3,3,0.05,1928,2,suburban,3,1,0.2,6.8,399439
200823,2257,5,5,0.19,1953,2,suburban,3,0,6.2,3.8,471306
200824,1708,3,2,0.79,1992,2,suburban,4,1,0.8,4.1,433616
200825,1345,3,2,0.07,1974,0,suburban,4,0,1.2,9.4,310887
200826,1504,3,3,0.19,2010,2,waterfront,2,0,3.9,12.1,510782
200827,1901,4,3,0.61,1943,3,rural,3,0,2.6,20.5,263319
200828,2769,6,5,0.48,1950,2,rural,3,0,10.2,21.3,350033
200829,2330,5,4,0.05,1985,3,waterfront,2,0,3.4,19.9,748933
200830,2283,5,4,1.01,1973,1,rural,3,0,1.7,19.9,358519
200831,1575,3,3,0.17,1949,3,suburban,4,1,0.3,4.2,367634
200832,1720,3,2,0.05,1961,1,suburban,4,0,11.5,7.0,368357
200833,1098,2,2,0.62,2002,3,downtown,3,0,1.1,0.1,438136
200834,2716,5,4,0.06,1965,2,suburban,3,0,0.1,6.1,498752
200835,1774,4,2,0.62,1997,0,suburban,4,1,4.6,13.0,386545
200836,1040,2,1,0.37,1989,3,suburban,3,0,7.9,2.7,366202
200837,1467,3,3,0.52,1969,2,suburban,3,1,3.0,7.7,358671
200838,2360,5,3,0.7,2010,2,suburban,3,0,2.0,8.2,445743
200839,2541,5,4,2.46,1997,3,rural,2,0,11.1,18.8,385056
200840,2299,5,4,0.41,1986,2,suburban,4,0,2.0,6.4,468645
200841,963,2,1,0.09,1963,2,downtown,4,0,1.0,2.0,326873
200842,1919,4,3,0.18,1990,2,suburban,3,0,5.5,10.8,394787
200843,1072,2,2,0.05,1976,3,downtown,3,0,2.1,7.6,296856
200844,1910,4,3,7.21,1993,1,rural,4,0,3.4,20.6,378447
200845,1382,3,2,0.93,1985,2,rural,3,0,7.3,18.8,216267
200846,1271,3,3,0.22,1974,2,suburban,5,0,0.4,6.4,407236
200847,1790,4,3,0.13,2001,2,suburban,3,1,5.7,4.8,372725
200848,1728,3,3,0.05,1964,2,downtown,4,0,0.1,0.1,573276
200849,1439,3,1,1.44,1964,1,rural,4,0,1.8,22.8,221798
200850,2905,6,5,0.37,1991,2,suburban,4,0,1.7,12.4,571678
200851,1864,4,3,0.17,1972,2,suburban,3,1,2.8,7.2,472233
200852,2384,5,4,1.0,1982,1,waterfront,2,0,1.5,17.4,848625
200853,1715,3,2,3.91,1981,0,rural,4,0,1.7,19.3,294257
200854,2156,4,3,0.13,2001,3,suburban,5,0,7.0,8.4,468064
200855,1792,4,3,0.24,1945,0,suburban,5,0,0.5,9.0,407839
200856,2442,5,4,0.36,1976,2,suburban,4,1,1.9,6.3,513629
200857,2106,4,4,0.47,2002,2,rural,5,0,4.2,21.1,310963
200858,1342,3,3,0.62,1985,1,suburban,2,0,1.0,10.4,333869
200859,2496,5,4,0.37,1987,2,waterfront,4,1,1.4,7.6,868921
200860,1741,3,3,0.09,2001,2,suburban,5,0,8.7,8.7,440760
200861,1744,3,3,0.23,2024,2,suburban,1,0,1.8,2.9,357623
200862,1330,3,3,0.05,1964,3,downtown,3,0,0.6,1.9,495876
200863,1097,2,1,0.31,2001,2,downtown,3,0,0.2,0.1,366124
200864,2570,5,4,3.32,1981,3,rural,3,0,1.4,19.3,354910
200865,2084,4,4,0.08,1969,2,downtown,3,0,4.3,2.0,530318
200866,887,2,2,0.05,1962,2,downtown,5,0,1.5,0.1,279483
200867,501,1,1,0.19,1997,1,downtown,3,0,2.0,5.2,226633
200868,902,2,1,0.07,1999,2,downtown,4,0,6.1,0.1,346996
200869,2369,5,5,0.32,1993,1,suburban,4,0,3.7,5.0,510437
200870,1922,4,4,1.99,1972,2,rural,3,0,2.7,25.7,296820
200871,1496,3,2,0.05,2005,2,suburban,3,0,2.1,5.5,367097
200872,2439,5,5,0.83,1972,2,rural,2,0,1.3,14.8,319625
200873,2065,4,3,3.63,1967,2,rural,4,0,4.3,15.7,366949
200874,2848,6,4,0.28,1997,2,waterfront,2,0,0.4,12.2,1022845
200875,500,1,1,0.05,1958,2,downtown,5,0,6.6,0.1,239109
200876,3074,6,5,0.17,1983,1,waterfront,5,0,6.6,4.9,917015
200877,1466,3,3,0.24,1970,2,suburban,4,0,1.2,9.2,356102
200878,706,1,1,0.05,2017,0,downtown,4,0,1.0,0.2,307306
200879,1336,3,2,0.81,1971,1,suburban,4,0,3.6,7.4,324573
200880,2100,4,4,0.33,1953,0,rural,3,0,1.1,27.8,284585
200881,2761,6,5,1.06,1934,2,rural,3,1,3.2,17.7,416718
200882,1916,4,4,0.16,1982,2,waterfront,4,0,0.1,9.6,706559
200883,3053,6,4,4.13,1978,1,rural,4,0,0.6,22.9,525087
200884,2373,5,3,0.34,1959,0,suburban,5,1,24.1,9.5,425664
200885,1058,2,2,0.12,2007,1,downtown,3,0,1.3,1.6,384789
200886,1637,3,2,5.86,1960,1,rural,4,0,1.8,20.2,314541
200887,2689,5,4,0.27,1978,1,suburban,3,1,0.1,10.6,573229
200888,2599,5,5,1.31,1991,3,rural,3,0,3.6,21.3,325822
200889,1932,4,3,0.11,2002,2,suburban,3,0,3.4,9.0,449577
200890,1900,4,3,0.05,1988,3,suburban,3,0,2.5,7.7,380519
200891,2624,5,4,5.81,1956,3,rural,4,0,3.6,21.9,447910
200892,2004,4,2,0.05,1950,0,suburban,2,0,4.9,9.9,368144
200893,1680,3,3,0.05,1990,0,downtown,2,1,1.2,2.0,655467
200894,2253,5,4,0.05,1999,1,suburban,3,0,1.0,8.6,470427
200895,1465,3,2,0.48,1969,3,waterfront,4,0,3.1,16.6,515033
200896,1663,3,3,0.53,1963,2,suburban,5,1,6.2,6.0,461205
200897,2282,5,4,1.52,2004,2,rural,3,1,1.7,16.1,417693
200898,2093,4,4,0.29,1988,2,waterfront,3,0,3.0,11.0,754539
200899,2007,4,3,0.1,2008,2,suburban,2,0,6.9,4.5,460587
200900,844,2,1,0.05,2024,3,downtown,5,1,2.8,0.1,345288
200901,2375,5,4,0.4,2010,1,rural,3,0,4.3,23.6,349445
200902,500,1,1,0.05,1955,2,downtown,4,0,3.5,1.3,257753
200903,1819,4,3,0.05,1994,2,suburban,4,0,13.9,8.8,406787
200904,1475,3,3,0.05,2017,1,suburban,4,1,0.9,6.5,431123
200905,2554,5,3,0.42,1970,0,suburban,3,1,3.7,10.2,488779
200906,2260,5,4,2.2,1953,2,rural,3,1,1.5,20.6,369393
200907,2655,5,4,0.86,1976,2,suburban,4,1,3.0,3.0,586903
200908,1116,2,2,0.1,2006,1,suburban,5,1,1.7,9.7,302026
200909,1153,2,1,0.57,2019,3,suburban,5,0,9.1,9.3,315937
200910,1868,4,3,0.18,1966,2,waterfront,3,0,6.8,8.8,632556
200911,1658,3,2,0.05,1965,1,waterfront,3,1,2.8,12.5,569087
200912,2142,4,3,0.37,1945,2,suburban,3,0,3.9,4.7,432168
200913,2033,4,2,0.44,1964,0,rural,2,0,0.5,20.4,252317
200914,1288,3,1,0.3,2000,3,downtown,4,0,1.8,2.4,449767
200915,1068,2,2,0.05,1982,2,suburban,2,0,0.1,9.0,266056
200916,2092,4,3,0.42,1995,1,waterfront,2,0,1.6,8.5,627717
200917,1633,3,3,0.91,1990,1,suburban,1,1,2.7,7.3,373720
200918,1348,3,2,0.09,1989,2,downtown,3,0,1.4,3.5,399274
200919,2168,4,3,0.17,1983,2,suburban,3,1,0.7,10.5,548463
200920,1577,3,2,0.2,2004,0,suburban,4,0,1.6,11.5,401875
200921,2617,5,4,2.33,1994,1,rural,3,0,1.6,14.2,403341
200922,1774,4,3,0.05,2024,1,downtown,3,1,0.3,0.1,543378
200923,2672,5,4,0.38,1964,3,waterfront,3,0,1.4,14.6,827025
200924,860,2,1,0.1,1982,3,downtown,3,0,2.1,3.3,340410
200925,1654,3,3,0.39,1978,2,waterfront,4,0,1.6,7.5,604750
200926,635,1,1,0.05,1984,2,downtown,3,0,6.1,0.4,262665
200927,2425,5,3,0.05,1993,1,suburban,5,1,0.7,5.6,487669
200928,2086,4,3,0.53,2007,2,suburban,3,0,2.6,7.0,408408
200929,2513,5,4,0.2,1982,2,suburban,4,0,2.4,8.9,517534
200930,1511,3,3,0.13,1999,2,suburban,4,0,0.5,4.2,335137
200931,1733,3,3,0.05,1999,1,downtown,2,0,5.8,5.1,550524
200932,1410,3,2,0.12,2009,3,downtown,2,0,0.4,4.2,454117
200933,3288,7,5,0.62,1983,2,waterfront,3,0,8.7,16.1,1010032
200934,1232,2,2,0.11,1996,2,downtown,4,0,5.2,0.1,392034
200935,2662,5,4,0.15,1984,1,waterfront,4,1,1.8,11.5,808332
200936,1960,4,3,4.99,1965,2,rural,4,0,0.9,20.9,374041
200937,1337,3,3,0.05,1998,2,suburban,5,0,1.0,11.2,365335
200938,1971,4,3,0.32,1976,1,suburban,4,0,4.9,11.8,390419
200939,2203,4,3,0.08,1981,3,suburban,2,0,1.0,7.8,455658
200940,2605,5,4,0.72,1982,2,suburban,5,0,1.4,12.6,628118
200941,1885,4,3,0.52,2018,1,suburban,2,0,1.5,6.6,470506
200942,500,1,1,0.67,1987,1,downtown,3,0,19.7,4.6,214428
200943,2684,5,3,3.58,1966,1,rural,5,1,0.7,18.8,462560
200944,1035,2,1,0.08,1975,2,suburban,3,0,1.9,8.2,256749
200945,1153,2,2,0.25,1968,2,suburban,5,0,0.3,4.4,308742
200946,646,1,1,0.1,1976,3,downtown,5,0,2.7,0.1,361247
200947,836,2,2,0.12,1968,1,downtown,5,0,2.5,0.1,271414
200948,1946,4,3,0.05,1992,2,downtown,3,0,1.9,6.4,534889
200949,2473,5,4,0.1,1971,1,suburban,5,0,0.5,2.4,497520
200950,1646,3,3,0.07,1998,1,suburban,3,0,5.5,8.1,392939
200951,2281,5,4,0.57,2024,1,rural,2,1,0.1,17.0,332733
200952,1644,3,2,0.39,1977,3,waterfront,4,1,2.5,15.0,654732
200953,1371,3,3,2.05,2006,1,rural,3,0,1.5,19.7,241625
200954,1250,2,2,0.05,1973,0,suburban,2,0,8.5,6.7,241238
200955,2561,5,4,0.05,1969,3,downtown,4,0,4.7,4.2,655691
200956,2235,4,3,0.48,1973,2,suburban,5,0,0.3,12.2,495509
200957,1664,3,3,0.11,1997,3,downtown,4,0,0.4,0.1,425373
200958,2441,5,4,0.05,1988,2,rural,5,0,0.4,24.3,403213
200959,1173,2,1,0.49,1978,2,waterfront,5,0,0.7,16.0,413799
200960,1365,3,3,0.05,1949,2,downtown,2,0,2.1,0.1,380551
200961,1356,3,3,0.05,1969,2,downtown,4,0,1.9,6.2,433788
200962,1984,4,3,1.26,1993,3,waterfront,5,0,18.3,13.9,633399
200963,2047,4,3,7.77,1999,0,rural,1,0,0.8,18.8,404350
200964,2102,4,3,0.05,1962,2,downtown,3,1,2.0,2.7,579029
200965,1746,3,3,0.16,2019,3,waterfront,2,1,3.6,13.2,651832
200966,2340,5,4,4.9,1997,3,rural,4,0,0.7,14.1,515860
200967,1865,4,3,0.7,1979,1,waterfront,4,1,5.9,10.1,705395
200968,1747,3,2,0.05,1976,2,suburban,2,0,2.7,5.6,344675
200969,2389,5,4,0.76,1972,1,rural,4,0,7.9,20.7,367284
200970,1699,3,3,0.56,1978,1,suburban,4,1,5.4,12.3,320590
200971,1973,4,3,0.05,1993,2,waterfront,3,0,1.2,16.7,646823
200972,2795,6,4,0.95,1990,2,waterfront,3,0,1.3,11.5,978262
200973,2094,4,3,8.18,1976,1,rural,3,0,4.2,21.2,397175
200974,3032,6,4,1.66,1981,3,rural,4,0,3.1,19.6,469268
200975,1597,3,1,0.16,2004,1,suburban,3,1,4.3,7.3,436345
200976,1795,4,4,0.08,1956,2,downtown,3,0,0.8,0.1,565029
200977,1386,3,3,0.11,1954,3,downtown,4,0,5.6,0.1,421277
200978,2309,5,4,0.38,1984,1,suburban,4,0,0.2,12.2,485793
200979,1841,4,4,1.21,1992,1,rural,5,0,13.5,20.2,275196
200980,2804,6,4,0.05,1966,1,suburban,3,0,2.8,9.4,547381
200981,2147,4,3,2.09,1977,2,rural,3,0,3.4,18.3,274078
200982,1576,3,2,0.05,1970,1,downtown,4,0,0.8,4.4,384375
200983,2167,4,4,0.22,2002,0,waterfront,5,0,3.4,11.1,692553
200984,1574,3,2,0.66,1973,2,suburban,3,1,3.8,10.6,435723
200985,2790,6,4,0.08,1987,1,suburban,3,0,0.5,9.9,611409
200986,1214,2,1,0.43,1991,0,suburban,1,0,2.6,4.3,243375
200987,1929,4,3,1.23,1967,2,suburban,4,1,1.2,14.1,458878
200988,1496,3,1,0.17,1981,2,rural,3,0,11.3,19.3,203763
200989,1652,3,3,1.45,2007,2,suburban,3,0,2.7,10.0,433123
200990,879,2,2,0.05,1975,2,suburban,3,1,1.4,5.2,288942
200991,1498,3,3,0.25,1997,2,waterfront,3,0,13.8,16.5,473751
200992,1107,2,2,0.1,2000,0,suburban,1,0,1.6,7.9,260203
200993,1788,4,4,0.27,1980,3,suburban,4,0,2.9,5.6,427966
200994,2023,4,4,0.34,2014,1,suburban,3,0,0.7,4.1,444782
200995,1167,2,2,0.35,1990,1,downtown,4,0,0.4,0.1,407272
200996,2011,4,3,0.06,1992,1,waterfront,3,0,0.5,8.2,713273
200997,1589,3,3,0.5,1993,0,suburban,2,0,5.8,6.5,313999
200998,1217,2,2,0.45,1973,1,suburban,3,0,1.2,6.5,294554
200999,1941,4,3,0.13,2000,0,suburban,3,0,1.0,6.5,420951
201000,1362,3,3,0.23,2021,1,downtown,4,0,2.0,0.1,468732
201001,2483,5,4,0.6,1992,2,rural,5,0,1.3,20.5,327718
201002,1961,4,4,0.23,1968,2,suburban,3,0,0.2,10.5,445214
201003,1913,4,3,0.05,1983,1,downtown,3,0,5.4,2.1,654466
201004,1292,3,2,0.93,1992,2,suburban,3,1,0.8,9.2,408396
201005,1777,4,3,0.05,1987,2,waterfront,3,0,4.6,12.0,542700
201006,970,2,1,0.05,1964,1,downtown,4,0,4.5,0.1,297627
201007,1277,3,2,0.09,2005,1,downtown,3,0,1.3,4.5,398385
201008,1174,2,1,0.05,1995,2,suburban,3,0,0.2,10.1,268420
201009,1891,4,3,0.29,1996,2,rural,4,0,0.1,26.2,303870
201010,1263,3,2,1.37,2001,1,suburban,3,0,1.7,9.0,337851
201011,1509,3,2,0.55,1962,0,suburban,4,1,0.1,13.1,308230
201012,1423,3,2,0.05,1988,1,downtown,4,0,3.8,0.1,434990
201013,1513,3,2,0.05,1976,2,downtown,4,0,5.9,0.2,409311
201014,1779,4,4,0.23,2016,2,suburban,4,0,2.6,5.8,478451
201015,2084,4,4,3.02,1981,2,rural,2,0,5.0,20.3,275652
201016,1723,3,1,0.05,2001,2,downtown,5,0,5.2,0.1,466140
201017,1514,3,3,0.1,1959,0,downtown,1,0,1.7,0.1,496418
201018,2715,5,3,0.15,1944,2,suburban,3,0,6.8,5.3,461226
201019,1675,3,3,0.07,1992,2,waterfront,5,0,0.7,8.9,532612
201020,1407,3,2,0.4,2001,2,suburban,1,1,2.3,5.3,387165
201021,2019,4,4,2.74,2018,2,rural,5,0,1.6,17.3,345051
201022,1948,4,3,0.4,2000,1,rural,3,0,0.8,24.3,288720
201023,2621,5,5,0.32,1945,2,suburban,4,0,0.3,5.9,510063
201024,1855,4,3,0.43,2005,2,suburban,3,0,4.1,4.1,412204
201025,1908,4,4,0.06,1970,2,suburban,4,0,5.0,13.4,447906
201026,1938,4,3,0.05,1962,2,downtown,4,0,6.3,2.5,515473
201027,1337,3,2,0.06,1997,1,suburban,2,1,4.1,14.0,315542
201028,1862,4,3,0.78,1996,2,suburban,4,0,1.1,6.0,397873
201029,1530,3,2,0.19,1994,3,suburban,4,0,2.6,3.7,329567
201030,1973,4,3,0.69,1980,1,waterfront,3,1,0.4,15.0,695422
201031,1653,3,3,0.12,1992,2,suburban,4,0,2.4,4.9,414011
201032,1887,4,4,0.28,1967,1,suburban,3,0,1.6,7.7,477640
201033,2339,5,3,3.21,1942,1,rural,2,0,9.3,18.0,356599
201034,2146,4,4,1.14,1980,2,rural,2,0,0.2,21.3,330835
201035,1092,2,1,0.09,1998,1,downtown,2,1,0.3,0.1,407200
201036,500,1,1,0.09,1988,3,downtown,2,0,0.1,0.1,262305
201037,1584,3,2,0.16,2005,3,suburban,3,1,0.9,4.1,422169
201038,2358,5,4,0.1,1961,3,suburban,5,1,2.2,6.6,465811
201039,969,2,2,0.12,1995,2,waterfront,3,0,9.6,15.6,278260
201040,2050,4,3,0.06,2008,2,suburban,4,0,6.4,6.0,441366
201041,2999,6,4,0.55,1956,2,waterfront,4,0,2.0,12.7,767830
201042,1458,3,3,0.36,2007,1,waterfront,5,0,0.3,15.2,545414
201043,2727,5,5,0.84,1990,2,waterfront,5,0,0.4,12.6,874956
201044,2398,5,4,0.21,1987,3,suburban,3,0,8.4,2.3,465489
201045,2937,6,5,0.48,2011,2,suburban,3,0,3.8,7.4,571293
201046,1243,2,1,0.11,1965,0,downtown,4,0,1.1,0.1,367364
201047,1943,4,3,0.95,1954,2,waterfront,4,0,6.7,14.5,592724
201048,1457,3,2,0.13,1955,2,downtown,3,0,7.8,0.1,467642
201049,1841,4,3,0.05,1995,1,waterfront,3,1,7.6,9.7,666270
201050,1868,4,3,0.05,1981,3,waterfront,3,1,0.4,13.8,655819
201051,2030,4,4,0.09,1982,0,rural,4,0,10.1,21.5,263620
201052,1604,3,3,0.06,2000,3,suburban,4,0,2.3,9.0,391136
201053,2070,4,4,0.05,1973,1,suburban,3,0,0.3,5.7,442263
201054,1664,3,3,0.53,1967,2,suburban,4,0,5.5,13.7,332687
201055,1372,3,2,0.07,1981,3,downtown,4,1,2.7,3.1,465374
201056,2605,5,4,7.29,1972,1,rural,4,0,2.5,20.8,476471
201057,1676,3,3,0.24,1987,2,suburban,4,0,8.7,9.5,344810
201058,1533,3,2,0.05,1999,1,suburban,5,0,1.5,6.4,322842
201059,1122,2,1,0.06,1971,1,downtown,4,0,3.0,0.1,384291
201060,1892,4,3,0.37,1972,0,waterfront,3,0,2.2,13.5,462259
201061,2297,5,3,0.05,1986,1,waterfront,1,1,2.5,9.8,645093
201062,2522,5,4,1.06,1961,2,rural,5,0,0.1,17.7,363790
201063,1242,2,2,0.09,2004,1,downtown,1,1,1.3,3.4,402643
201064,1926,4,3,0.45,1962,2,waterfront,2,0,0.2,8.3,594369
201065,1959,4,4,0.17,2006,1,suburban,4,0,1.6,6.9,434785
201066,500,1,1,0.19,1957,1,downtown,5,0,9.6,0.1,251203
201067,2048,4,4,0.19,1985,1,downtown,2,1,2.1,1.5,679381
201068,1908,4,3,0.55,1999,1,suburban,5,0,0.6,7.9,421151
201069,2276,5,4,0.13,1991,2,suburban,5,0,0.8,7.9,594498
201070,870,2,2,0.05,1979,2,downtown,5,0,3.5,0.1,351654
201071,1727,3,3,0.11,1965,2,downtown,3,0,1.7,0.1,438683
201072,705,1,1,0.05,1979,0,downtown,2,0,1.2,4.7,258562
201073,1711,3,2,0.12,1992,2,suburban,3,0,3.5,4.5,419790
201074,2077,4,3,0.54,1972,2,rural,5,0,1.6,17.0,288262
201075,1863,4,3,0.05,1963,3,suburban,4,0,0.3,5.9,365710
201076,1843,4,3,0.3,2007,2,suburban,5,0,2.2,6.8,361276
201077,1200,2,3,0.05,1983,3,downtown,4,0,1.2,0.1,369694
201078,3258,7,5,0.7,1971,1,rural,5,0,1.1,23.4,445981
201079,2115,4,3,0.11,1952,2,suburban,1,0,3.4,4.4,340000
201080,2734,5,4,0.21,1958,3,suburban,3,0,3.1,6.8,583702
201081,1033,2,1,0.14,2005,1,suburban,4,0,1.9,3.5,266968
201082,1505,3,2,0.08,2024,3,downtown,5,0,4.3,0.1,606916
201083,2243,4,2,0.06,1962,0,suburban,3,1,6.6,9.3,381593
201084,2600,5,3,0.06,2013,1,downtown,3,0,6.4,2.2,650485
201085,796,2,2,0.32,1991,3,downtown,3,0,3.5,2.5,363347
201086,1979,4,3,0.12,2002,1,suburban,5,1,2.2,9.4,459309
201087,2051,4,3,0.17,2012,3,suburban,4,1,6.6,6.0,554276
201088,1255,3,3,1.81,1972,3,rural,2,0,5.4,23.9,213303
201089,2658,5,5,3.71,1978,1,rural,4,0,1.2,15.4,401104
201090,1186,2,1,0.2,2020,2,downtown,1,0,0.3,6.9,392819
201091,1760,4,3,0.05,1977,2,downtown,3,0,0.3,0.1,613817
201092,756,2,1,0.05,1994,1,downtown,5,0,4.8,3.8,258941
201093,992,2,3,0.79,1967,2,suburban,3,1,5.8,5.2,340786
201094,2288,5,4,0.17,1949,3,rural,3,0,1.1,15.1,325988
201095,2043,4,3,0.11,2006,0,suburban,5,1,3.4,7.7,525673
201096,3074,6,5,0.39,1970,2,waterfront,3,0,1.5,13.8,837783
201097,831,2,2,0.05,2008,2,downtown,3,0,1.8,7.3,343701
201098,2174,4,3,0.2,2006,3,suburban,4,1,0.4,9.9,474080
201099,1416,3,2,0.16,1939,2,suburban,3,1,8.4,4.7,319794
201100,1530,3,2,0.05,1984,1,suburban,4,1,1.6,10.9,371300
201101,1783,4,3,0.41,1981,0,suburban,1,0,1.1,5.2,387887
201102,2349,5,4,0.05,1932,3,suburban,5,1,0.4,9.2,486018
201103,2428,5,4,1.19,2016,2,rural,3,0,2.4,22.8,410742
201104,2989,6,5,2.29,2024,2,rural,3,1,2.5,21.2,470876
201105,1162,2,1,0.05,1970,2,suburban,4,0,6.3,10.4,221510
201106,1772,4,3,0.05,1988,0,waterfront,3,0,2.5,14.6,539185
201107,1994,4,3,0.57,1985,2,suburban,2,0,12.4,11.7,443593
201108,1469,3,3,0.05,1963,3,suburban,3,1,0.4,8.3,388219
201109,500,1,1,0.23,1953,3,rural,4,0,0.5,21.1,118919
201110,1340,3,3,0.15,1956,1,downtown,2,0,4.1,0.1,377150
201111,1741,3,3,0.12,1959,3,waterfront,4,0,0.6,8.6,569507
201112,2096,4,3,0.77,1990,3,rural,4,0,0.7,19.4,312529
201113,854,2,1,0.09,2004,1,downtown,3,1,2.0,0.1,359758
201114,1935,4,4,0.05,1995,2,downtown,4,0,4.9,5.3,464617
201115,1714,3,2,0.5,1975,2,rural,4,0,0.9,20.7,290172
201116,2323,5,4,0.83,1988,3,waterfront,1,0,1.9,11.0,774873
201117,1333,3,2,0.05,1966,2,suburban,3,1,2.0,6.4,314695
201118,1368,3,3,0.05,1952,2,downtown,2,1,1.9,0.1,444792
201119,2397,5,4,3.56,2018,1,rural,3,0,0.5,19.2,353541
201120,2095,4,4,0.32,1936,1,rural,4,0,0.3,22.1,280978
201121,1234,2,2,0.05,1962,1,downtown,5,0,3.3,0.1,365249
201122,2196,4,4,0.11,1980,2,suburban,5,0,0.2,1.5,503113
201123,2189,4,4,1.26,1970,1,rural,5,0,0.1,20.9,348656
201124,1686,3,2,5.35,2001,2,rural,4,0,0.4,22.3,310685
201125,1829,4,4,0.14,1976,2,suburban,2,0,6.6,9.6,463903
201126,2110,4,3,1.18,1988,1,rural,1,0,0.5,16.1,308732
201127,500,1,1,0.22,1961,2,downtown,4,0,5.9,2.3,230083
201128,831,2,1,0.25,1970,0,downtown,3,0,6.9,0.5,257610
201129,1147,2,1,0.26,2000,3,suburban,5,0,2.2,10.8,320028
201130,1491,3,2,0.43,1989,2,rural,3,1,0.7,17.4,231924
201131,1683,3,2,0.05,1988,1,waterfront,3,0,1.7,9.8,532063
201132,2229,4,3,0.05,1987,2,suburban,3,0,7.4,12.3,367854
201133,1695,3,3,0.44,1968,3,suburban,1,0,0.5,6.0,358455
201134,2207,4,3,0.13,1957,2,suburban,1,1,0.3,11.8,434933
201135,2222,4,2,0.73,1971,2,waterfront,2,1,0.5,7.1,665934
201136,1297,3,2,0.05,1980,3,downtown,1,0,1.5,3.7,491176
201137,1185,2,2,0.17,1989,2,downtown,5,0,1.9,0.9,441812
201138,2164,4,4,0.12,1972,2,waterfront,2,0,8.0,13.1,577586
201139,1622,3,2,0.25,1995,3,suburban,3,1,1.8,6.4,374113
201140,1683,3,3,0.05,1986,2,downtown,5,0,3.8,2.2,521611
201141,2357,5,4,2.66,1964,2,rural,3,0,0.9,16.7,383862
201142,1781,4,2,0.05,1991,1,downtown,2,0,0.1,0.1,585842
201143,2487,5,3,0.39,1971,2,suburban,3,1,1.6,9.0,463421
201144,961,2,1,0.12,1962,2,rural,4,0,3.7,14.2,208523
201145,2508,5,5,0.1,1982,2,suburban,5,0,0.6,7.7,581256
201146,2255,5,5,0.05,1991,1,waterfront,2,0,0.2,1.9,704600
201147,1738,3,2,0.13,2005,3,suburban,5,0,2.6,9.6,403480
201148,1059,2,2,0.05,1977,2,downtown,3,0,10.5,3.7,292295
201149,1791,4,3,0.5,1994,2,suburban,4,0,6.6,6.2,448818
201150,2488,5,4,4.0,2024,3,rural,1,1,9.6,21.9,402233
201151,1562,3,2,0.2,2002,2,suburban,3,0,0.1,0.1,391605
201152,905,2,2,0.05,1949,2,downtown,5,0,1.7,0.1,359045
201153,974,2,2,0.54,2010,2,downtown,5,0,9.0,0.8,441880
201154,1671,3,3,0.07,2000,3,suburban,2,0,1.1,0.1,401779
201155,632,1,1,0.05,1984,2,downtown,4,0,3.0,0.1,315415
201156,2418,5,4,0.59,1989,2,suburban,3,0,0.1,10.1,559376
201157,2200,4,3,2.44,1993,0,rural,2,0,3.2,17.1,310888
201158,1026,2,1,0.05,1970,2,downtown,3,0,3.8,4.5,396563
201159,1892,4,4,0.23,1968,1,waterfront,2,1,0.8,10.6,653228
201160,1817,4,2,0.06,1975,1,suburban,5,0,0.1,7.3,357110
201161,744,1,1,0.06,1968,0,downtown,3,0,1.2,0.1,277805
201162,1402,3,3,0.15,1984,3,downtown,4,0,3.7,1.4,560762
201163,2170,4,3,0.56,1987,1,waterfront,2,0,5.4,14.0,671909
201164,2350,5,4,0.22,2024,3,suburban,1,0,0.2,7.8,493480
201165,1274,3,3,0.05,1987,2,downtown,3,0,4.8,0.1,377797
201166,2069,4,4,0.29,2000,3,suburban,2,0,2.3,6.0,481142
201167,2178,4,4,0.05,1967,3,suburban,5,1,5.9,8.3,486331
201168,2524,5,5,0.83,1970,1,rural,3,0,5.3,16.7,293964
201169,3551,7,5,1.57,1994,1,waterfront,3,1,0.4,11.9,1183088
201170,2378,5,4,0.05,2000,3,waterfront,3,0,7.1,7.9,797007
201171,1847,4,4,0.37,1968,0,waterfront,4,1,1.6,9.9,630291
201172,841,2,1,0.05,1995,3,downtown,4,0,0.2,0.1,422151
201173,1203,2,1,1.2,1993,0,rural,3,1,1.9,20.7,199584
201174,2420,5,4,0.71,1988,1,waterfront,3,0,0.6,2.0,734527
201175,2711,5,4,1.42,1979,2,waterfront,3,0,1.3,13.0,822982
201176,2438,5,5,0.05,1983,2,suburban,3,0,1.2,10.9,428261
201177,882,2,1,0.05,2024,2,downtown,4,0,0.4,2.8,392081
201178,2018,4,3,0.23,1933,2,suburban,1,0,0.2,11.9,395521
201179,1930,4,3,0.16,2008,1,suburban,3,0,2.2,8.3,407105
201180,1559,3,2,0.16,1973,2,suburban,3,0,0.6,5.6,361589
201181,1811,4,5,3.6,1975,0,rural,3,0,5.8,18.0,331580
201182,2429,5,4,0.55,2015,2,suburban,4,0,6.5,6.0,459514
201183,2700,5,4,0.85,2001,2,rural,3,0,1.0,19.1,352701
201184,2168,4,3,0.59,1996,2,waterfront,2,1,1.6,14.9,810892
201185,2176,4,4,0.29,1972,3,suburban,4,0,2.4,11.3,484768
201186,1058,2,1,0.54,2023,2,suburban,4,1,12.5,9.3,321886
201187,1240,2,2,0.23,1988,2,suburban,3,0,6.3,4.6,306459
201188,1076,2,1,0.21,2013,2,downtown,1,0,0.4,0.1,389042
201189,2348,5,4,0.06,1996,1,suburban,3,1,1.4,11.2,541282
201190,1419,3,2,0.43,1979,3,waterfront,3,0,1.9,10.2,517606
201191,1966,4,2,0.05,1974,2,suburban,2,0,0.9,4.8,437108
201192,3301,7,5,0.05,2024,0,waterfront,5,0,1.3,12.7,1075737
201193,1718,3,2,1.14,2024,1,rural,5,0,0.7,14.5,358822
201194,2703,5,4,0.28,2016,2,suburban,1,0,6.5,7.9,521637
201195,1705,3,1,2.0,2015,2,waterfront,4,1,0.1,3.1,766214
201196,1967,4,2,0.75,2024,2,waterfront,3,1,7.8,5.6,652220
201197,1262,3,3,0.54,1967,2,suburban,4,0,5.0,6.2,335811
201198,1423,3,3,1.06,2004,1,suburban,3,0,0.8,4.0,450745
201199,759,2,2,0.05,1962,1,suburban,2,0,3.5,5.1,236440
201200,2053,4,4,0.17,1986,2,suburban,3,0,4.3,6.5,402060
201201,575,1,1,0.09,1997,1,downtown,5,0,1.5,2.9,292420
201202,2574,5,4,3.96,1957,2,rural,4,0,5.5,21.8,331660
201203,1752,4,4,0.05,1968,1,downtown,3,0,1.6,6.2,585257
201204,1852,4,3,5.35,1986,2,rural,1,0,0.7,16.9,429059
201205,1722,3,3,0.05,1978,0,suburban,4,1,0.2,13.9,335526
201206,1267,3,2,0.05,1980,0,downtown,3,0,5.0,2.3,265869
201207,1147,2,2,0.08,1997,1,downtown,2,0,1.4,5.4,367249
201208,3064,6,5,0.62,2024,3,rural,3,0,1.7,20.0,395543
201209,1523,3,2,0.86,1996,1,suburban,4,0,0.7,9.4,353725
201210,778,2,1,0.05,1942,2,downtown,2,0,1.2,5.8,296073
201211,2181,4,4,0.25,2016,3,waterfront,2,0,4.5,12.1,579005
201212,1419,3,2,0.05,1984,0,suburban,4,0,0.7,11.2,344652
201213,2465,5,4,0.18,1997,2,suburban,5,0,2.6,10.1,502518
201214,1492,3,2,0.11,1994,2,rural,3,0,4.1,17.5,235110
201215,842,2,1,0.08,1956,0,downtown,2,0,1.9,1.1,318311
201216,1252,3,2,0.18,2003,0,downtown,4,1,6.4,4.1,376631
201217,2509,5,3,0.88,2009,1,suburban,3,0,1.6,9.3,501563
201218,1214,2,2,0.09,2002,1,downtown,3,0,2.1,2.0,410736
201219,1164,2,2,0.14,1993,1,downtown,3,1,0.5,0.1,412778
201220,1047,2,1,0.29,1991,3,downtown,3,0,0.1,1.1,419811
201221,900,2,1,0.05,1977,1,downtown,2,0,0.3,7.1,288153
201222,1939,4,3,0.31,1971,2,suburban,3,0,2.0,9.6,343245
201223,2183,4,3,0.12,1990,3,rural,5,1,1.6,16.1,310129
201224,2329,5,4,0.05,1990,1,rural,4,0,6.7,20.4,305904
201225,1807,4,3,0.28,1972,2,suburban,3,0,1.3,5.5,395154
201226,1330,3,2,0.17,1966,2,downtown,5,0,1.6,4.0,478069
201227,2171,4,3,0.95,2024,1,waterfront,4,1,1.2,12.1,853959
201228,523,1,1,0.05,1983,0,suburban,2,0,4.6,5.5,170205
201229,1514,3,3,0.17,1968,1,waterfront,2,0,2.2,12.1,505539
201230,500,1,1,0.05,1985,1,downtown,3,0,1.4,1.6,205788
201231,500,1,1,0.06,1934,2,suburban,4,1,0.3,7.1,207543
201232,2444,5,4,0.39,1971,3,waterfront,2,1,1.6,10.8,725391
201233,2561,5,4,1.25,1982,1,rural,4,0,0.1,17.2,372515
201234,1890,4,3,0.09,1974,2,suburban,3,1,2.2,9.9,402753
201235,2048,4,3,0.31,2004,2,suburban,3,0,1.1,9.5,469939
201236,612,1,1,0.14,2010,1,downtown,3,0,3.2,2.0,267452
201237,2839,6,4,0.68,1998,2,waterfront,5,0,5.4,13.0,983461
201238,2355,5,4,0.07,1987,2,suburban,3,0,2.0,6.3,435434
201239,2287,5,4,5.35,1991,0,rural,3,0,2.6,19.0,417559
201240,1604,3,2,0.08,1991,2,downtown,2,0,2.0,6.0,497209
201241,1686,3,2,0.05,1968,1,suburban,1,0,5.4,12.7,356707
201242,500,1,2,0.25,1981,1,downtown,4,0,7.9,0.1,228501
201243,1943,4,3,0.26,1994,2,waterfront,3,1,3.2,8.5,714817
201244,2581,5,4,0.78,1981,0,rural,4,0,3.2,17.7,324384
201245,1527,3,3,0.5,1982,1,suburban,4,0,3.5,10.4,318549
201246,2384,5,4,0.67,1967,1,rural,3,0,2.4,18.9,356429
201247,1887,4,3,1.02,1940,1,rural,4,0,3.7,19.2,279178
201248,2153,4,4,1.16,1955,2,suburban,4,0,0.2,7.8,481798
201249,1301,3,4,0.13,1946,2,suburban,3,0,0.8,7.0,329637
201250,1351,3,3,0.05,1983,2,downtown,3,0,5.1,0.1,404546
201251,2589,5,4,1.99,1999,0,rural,4,0,0.2,21.5,345502
201252,2208,4,4,0.4,1986,2,rural,3,0,3.8,22.5,331741
201253,1888,4,3,0.58,1957,2,waterfront,3,0,5.0,12.0,580151
201254,1163,2,1,0.28,2013,2,downtown,4,0,1.4,0.1,411792
201255,1955,4,3,0.39,1967,0,suburban,3,0,2.8,7.8,437556
201256,1603,3,3,0.37,1977,2,suburban,3,1,3.2,9.4,380357
201257,2036,4,4,0.27,1951,0,suburban,4,0,3.3,5.9,363746
201258,1556,3,2,0.05,2012,1,downtown,2,0,4.9,0.1,463987
201259,1852,4,3,0.53,1944,1,rural,3,0,2.5,20.5,255533
201260,1334,3,2,0.11,2024,2,downtown,4,0,1.5,1.7,406931
201261,736,1,1,0.05,2007,2,downtown,4,0,1.0,5.8,285454
201262,2122,4,3,0.48,1993,1,suburban,3,0,3.5,9.7,523689
201263,1348,3,3,0.13,1977,2,suburban,4,0,1.7,10.3,379747
201264,2077,4,3,0.78,2019,2,rural,5,0,0.3,16.4,253362
201265,1558,3,3,0.05,1967,2,waterfront,4,0,1.7,12.4,516947
201266,1486,3,2,0.05,1995,0,downtown,3,0,0.8,0.1,478259
201267,1060,2,1,0.05,1937,2,suburban,4,0,0.1,7.4,248278
201268,1874,4,3,0.51,1997,3,suburban,4,0,2.7,7.2,476669
201269,2591,5,4,3.11,1990,1,rural,4,0,0.3,19.4,407633
201270,1087,2,2,0.34,2014,1,waterfront,2,0,0.1,11.0,361610
201271,1852,4,3,0.24,2011,2,suburban,2,0,0.2,5.7,505074
201272,1717,3,3,0.46,1969,3,suburban,3,0,1.4,10.6,358471
201273,842,2,1,0.37,1989,2,suburban,4,0,0.2,9.8,292077
201274,1714,3,3,0.54,1980,2,suburban,3,1,0.1,7.0,393338
201275,2032,4,3,0.29,1952,1,suburban,2,1,6.8,9.0,426139
201276,1536,3,2,0.05,2001,2,downtown,3,0,1.2,2.0,473660
201277,1498,3,2,3.33,1976,1,rural,5,0,0.4,18.5,228533
201278,1775,4,2,0.05,1952,1,suburban,4,0,0.8,12.6,396782
201279,2384,5,4,0.82,1992,0,suburban,3,1,2.5,12.1,502147
201280,2132,4,3,0.27,1948,2,rural,4,0,2.1,22.1,297551
201281,1578,3,2,0.27,2003,1,suburban,3,1,3.3,10.2,346890
201282,1510,3,2,0.34,1984,0,waterfront,5,0,0.9,9.7,521532
201283,1557,3,2,0.07,1994,2,rural,5,0,0.1,26.3,244791
201284,1537,3,3,0.07,1970,2,suburban,3,0,8.1,8.0,321656
201285,1202,2,2,0.25,1999,0,waterfront,2,0,0.8,13.0,368341
201286,837,2,1,0.05,1976,3,downtown,4,0,0.3,0.1,394120
201287,2425,5,4,0.45,1976,0,suburban,5,1,5.9,3.5,466957
201288,500,1,1,0.05,1978,2,downtown,1,0,0.6,2.6,221921
201289,2111,4,2,0.05,1991,1,suburban,4,0,4.4,3.0,381237
201290,629,1,1,0.07,1999,2,downtown,2,0,4.7,0.1,282467
201291,2542,5,3,1.34,2014,3,rural,1,0,2.1,17.6,401764
201292,2021,4,3,0.05,1992,2,suburban,5,0,3.1,1.8,473871
201293,2568,5,4,0.38,1954,3,waterfront,4,0,0.1,16.7,920371
201294,2480,5,4,0.13,1954,2,rural,3,1,1.2,20.7,303872
201295,1994,4,3,0.6,1982,2,waterfront,3,0,4.1,9.1,685668
201296,1620,3,3,0.16,1978,2,suburban,3,0,5.0,2.6,422063
201297,1019,2,2,0.1,2015,2,downtown,3,0,4.3,2.1,398965
201298,2108,4,3,0.05,1981,1,suburban,3,1,3.5,9.5,376333
201299,1722,3,2,0.05,1953,1,waterfront,5,0,5.4,13.1,572396
201300,1900,4,3,0.27,1987,2,suburban,3,0,11.7,0.6,409774
201301,1998,4,4,0.05,1977,2,suburban,3,0,4.8,8.1,370820
201302,1538,3,2,0.08,1964,2,suburban,4,1,1.4,17.9,387670
201303,2385,5,4,0.29,1988,3,waterfront,2,1,1.9,12.3,950421
201304,1529,3,2,0.11,1965,3,waterfront,5,0,0.3,14.1,597754
201305,2790,6,5,0.11,1955,1,suburban,2,1,0.7,14.1,687287
201306,2270,5,3,0.54,1947,2,suburban,5,0,3.1,8.4,462703
201307,2287,5,3,0.3,1961,3,waterfront,5,0,1.0,12.7,775222
201308,1387,3,3,0.31,1997,2,suburban,1,0,3.0,8.0,341514
201309,2278,5,4,2.89,1999,1,rural,5,0,0.2,22.2,371469
201310,2359,5,4,0.21,1983,2,rural,3,0,3.1,21.2,312330
201311,2184,4,3,0.22,1988,0,waterfront,5,1,7.0,5.9,632954
201312,2687,5,4,5.38,1987,2,rural,4,0,2.8,17.1,418491
201313,766,2,1,0.33,1980,1,suburban,3,1,0.8,8.3,240741
201314,1311,3,2,0.15,2019,3,downtown,4,0,4.6,1.3,502770
201315,1637,3,2,2.65,1988,2,rural,2,0,2.3,21.9,282599
201316,1249,2,2,0.19,1996,1,suburban,4,0,2.9,5.0,288958
201317,1962,4,4,0.79,1990,2,rural,4,0,3.0,19.5,260718
201318,1239,2,1,0.05,1999,1,suburban,3,0,7.4,8.0,235105
201319,1344,3,3,0.27,1981,1,suburban,1,0,8.3,8.9,311928
201320,1634,3,3,7.03,1997,1,rural,3,0,1.5,22.5,367705
201321,691,1,1,0.05,1964,0,suburban,4,1,9.6,8.5,198015
201322,1205,2,1,0.19,2005,1,downtown,3,0,1.4,0.9,379869
201323,1980,4,2,0.12,2014,2,rural,3,1,0.7,21.5,306958
201324,1193,2,2,0.22,2024,3,suburban,3,1,3.3,5.5,316225
201325,1639,3,2,0.2,1993,0,suburban,5,0,4.8,7.9,303129
201326,885,2,1,0.11,1992,2,waterfront,5,0,3.2,14.9,409514
201327,2011,4,3,0.28,1967,2,suburban,3,1,3.8,11.8,531007
201328,1915,4,3,0.27,2024,1,suburban,4,0,0.9,11.1,382099
201329,2717,5,5,1.0,1955,1,rural,4,1,8.3,18.1,394287
201330,2120,4,4,0.09,1979,0,waterfront,4,1,13.4,15.4,692438
201331,1059,2,2,0.18,1995,1,downtown,2,0,0.6,0.1,330882
201332,2195,4,2,0.14,1995,2,suburban,2,1,1.2,11.9,356631
201333,812,2,1,0.31,1985,3,suburban,3,1,0.5,9.6,235512
201334,740,1,1,0.05,1969,1,downtown,5,0,3.8,0.1,338845
201335,1813,4,2,0.05,1978,3,downtown,3,0,2.0,0.2,551011
201336,2330,5,4,0.05,1992,1,suburban,4,0,2.4,14.2,525894
201337,1449,3,3,0.98,1999,1,suburban,2,0,3.3,12.0,299925
201338,2563,5,5,0.24,1978,2,suburban,3,0,0.2,5.3,539945
201339,665,1,1,0.33,1981,2,downtown,3,0,3.0,2.3,281936
201340,2839,6,5,0.47,2002,3,waterfront,3,0,0.6,12.8,949993
201341,2160,4,3,0.08,2005,1,downtown,4,0,0.9,2.6,598980
201342,1588,3,3,0.17,2007,2,suburban,2,1,3.0,11.7,413688
201343,2272,5,5,0.99,1990,2,suburban,5,1,2.2,3.6,586944
201344,500,1,1,0.05,1973,1,downtown,3,1,9.0,4.8,246097
201345,1780,4,4,0.26,2019,2,suburban,3,1,2.8,7.8,416670
201346,1787,4,4,0.05,1986,1,suburban,4,0,1.0,7.9,463889
201347,1327,3,2,0.12,1997,3,suburban,3,0,0.1,7.6,327639
201348,2215,4,3,0.09,1998,2,waterfront,5,0,1.3,6.9,780755
201349,2324,5,5,0.28,1954,0,waterfront,3,0,3.0,15.5,622452
201350,1392,3,3,0.2,2024,2,suburban,3,0,0.6,10.0,406028
201351,3237,6,5,0.17,1989,2,rural,2,0,10.9,16.6,398261
201352,3420,7,5,4.96,1943,3,rural,5,0,0.8,18.4,437803
201353,2510,5,3,0.43,2000,0,suburban,1,0,2.3,9.8,449275
201354,1853,4,4,0.75,1992,2,suburban,3,0,2.3,10.7,437369
201355,2153,4,3,1.49,1973,2,rural,4,0,1.9,21.6,355608
201356,2518,5,4,0.21,2003,0,suburban,5,1,2.3,6.2,583296
201357,2193,4,3,0.25,2011,2,suburban,3,0,7.2,10.6,377399
201358,1411,3,2,0.21,1982,2,suburban,4,0,2.8,6.4,348666
201359,1500,3,3,0.08,1980,0,waterfront,5,0,3.6,11.3,530446
201360,2269,5,4,1.5,1994,2,waterfront,2,0,3.5,11.3,816197
201361,1818,4,3,0.51,1987,1,suburban,2,0,0.2,3.7,391360
201362,1239,2,3,0.05,2009,2,downtown,4,0,0.4,6.1,475748
201363,1345,3,3,0.14,2013,2,downtown,4,0,1.4,4.2,485387
201364,2234,4,3,0.75,1950,1,rural,3,0,3.0,18.2,325107
201365,1814,4,4,0.23,2024,0,downtown,3,0,0.9,2.2,632954
201366,2208,4,4,1.11,2024,3,rural,4,0,0.8,21.5,440665
201367,1464,3,3,0.11,1981,3,downtown,5,0,0.5,0.1,406260
201368,1837,4,3,0.13,1991,3,rural,1,0,3.3,20.0,257746
201369,1948,4,3,0.52,1965,2,suburban,4,0,7.8,9.4,396144
201370,826,2,2,0.05,2009,1,downtown,1,0,1.8,0.1,291919
201371,2879,6,5,0.05,1978,1,waterfront,2,0,8.4,5.2,812133
201372,1686,3,3,1.79,1971,3,waterfront,3,1,0.7,16.1,685941
201373,2702,5,4,2.31,1953,2,rural,3,0,4.9,20.6,395170
201374,1283,3,2,0.23,1999,0,downtown,4,0,1.3,0.1,383899
201375,3271,7,5,0.05,1954,2,waterfront,4,0,0.4,9.0,1017982
201376,2497,5,4,1.0,1982,2,waterfront,3,0,3.8,9.3,811145
201377,1936,4,3,0.4,1965,2,suburban,1,0,1.1,4.8,424677
201378,2403,5,4,1.18,1944,1,rural,4,0,5.4,20.2,347306
201379,1054,2,2,0.38,1987,2,suburban,5,0,0.4,5.6,281270
201380,1275,3,2,0.05,1974,2,downtown,5,0,0.2,3.1,393004
201381,2817,6,5,1.58,1997,1,waterfront,4,0,1.2,13.4,770437
201382,1400,3,3,0.25,1970,2,downtown,4,0,7.0,5.3,460336
201383,2300,5,3,6.46,1990,3,rural,3,0,8.1,18.2,383197
201384,2179,4,3,0.13,2005,0,suburban,4,0,7.3,10.3,456853
201385,1664,3,3,4.65,1962,0,rural,3,0,1.0,25.0,289980
201386,500,1,1,0.09,2013,1,downtown,3,0,5.0,0.1,270238
201387,1841,4,3,0.36,1997,2,suburban,5,0,3.0,10.6,452789
201388,2651,5,4,0.32,1958,2,rural,3,0,2.8,18.1,395711
201389,2964,6,5,0.7,2024,2,rural,5,0,10.6,22.3,401963
201390,2180,4,3,0.11,2018,2,suburban,4,0,3.1,2.3,466112
201391,985,2,1,0.48,1996,1,downtown,3,0,1.6,0.1,358300
201392,724,1,1,0.13,2013,2,downtown,3,1,2.2,0.1,390150
201393,2457,5,4,0.31,1970,2,rural,3,0,5.9,20.6,284030
201394,1816,4,4,0.09,1986,3,downtown,2,0,4.8,0.1,562070
201395,2538,5,4,0.43,1998,1,suburban,3,0,9.2,11.5,505977
201396,1391,3,2,0.28,1954,0,suburban,4,0,10.1,9.1,252506
201397,2175,4,2,0.46,1996,2,suburban,3,0,1.5,10.2,472931
201398,905,2,1,0.58,1930,2,suburban,3,1,1.6,13.0,263294
201399,919,2,1,0.05,2010,1,downtown,3,0,0.8,0.1,358227
201400,2676,5,4,0.64,1999,2,suburban,4,0,5.1,12.3,582691
201401,1446,3,2,0.05,1994,0,suburban,3,0,2.7,6.5,321421
201402,2567,5,4,0.28,2020,3,suburban,3,0,0.1,6.9,567895
201403,1912,4,4,0.09,1971,2,suburban,4,1,7.1,10.6,482811
201404,2745,5,4,2.15,1952,2,rural,4,0,0.4,22.1,428084
201405,1960,4,3,1.0,1966,2,rural,4,0,0.8,17.7,266229
201406,1514,3,2,0.17,2002,1,downtown,3,0,0.8,3.8,499075
201407,500,1,1,0.15,1975,2,downtown,3,0,6.0,7.9,233447
201408,1988,4,3,0.31,1988,1,suburban,5,0,4.2,10.1,480486
201409,1300,3,2,0.19,1970,1,suburban,3,1,7.6,4.3,247081
201410,2150,4,4,0.06,1989,1,suburban,5,0,0.1,6.7,474686
201411,500,1,1,0.09,1999,2,downtown,4,0,0.5,0.7,269753
201412,1076,2,1,0.06,1987,3,downtown,2,0,0.3,1.9,299637
201413,1680,3,2,0.25,1976,2,waterfront,2,0,2.8,10.4,513235
201414,1974,4,4,0.2,1973,2,waterfront,3,0,0.1,14.5,623745
201415,2339,5,3,4.46,1968,3,rural,3,0,2.2,21.4,394499
201416,932,2,1,0.82,2024,1,suburban,3,0,0.2,12.8,297607
201417,1350,3,3,0.57,1979,0,suburban,3,0,8.5,4.9,321541
201418,2837,6,5,0.45,1966,2,waterfront,4,1,2.4,13.5,929925
201419,3115,6,5,0.25,2003,3,waterfront,5,1,5.7,11.8,985915
201420,2040,4,3,1.51,2014,2,suburban,4,0,2.0,8.4,541706
201421,1680,3,2,0.4,1981,1,suburban,2,0,9.7,8.8,378455
201422,2570,5,4,0.28,1976,2,suburban,5,0,4.6,5.2,549391
201423,1804,4,4,0.14,1991,1,suburban,3,0,2.5,6.5,467852
201424,1127,2,1,0.05,1998,2,suburban,4,1,0.4,9.4,334307
201425,1383,3,3,0.21,1983,0,suburban,3,0,1.8,7.3,316897
201426,1984,4,4,0.92,1967,2,rural,4,0,0.3,20.3,295642
201427,1995,4,3,0.32,2000,2,waterfront,5,0,2.1,18.1,808070
201428,1506,3,2,0.06,1984,2,suburban,4,1,2.2,5.7,370683
201429,1549,3,3,2.63,1964,2,waterfront,4,1,3.7,9.6,454140
201430,1738,3,2,0.38,1963,2,waterfront,4,1,3.7,10.1,614836
201431,2709,5,4,0.05,1956,2,suburban,4,0,0.4,10.5,555802
201432,1240,2,2,0.15,2000,1,downtown,3,0,1.3,1.4,374769
201433,1479,3,3,0.21,1978,1,downtown,4,0,10.8,1.7,461591
201434,1672,3,1,0.22,1991,1,waterfront,3,1,2.8,11.1,588184
201435,1449,3,3,0.27,1980,2,downtown,4,0,2.7,0.4,475985
201436,1533,3,3,1.2,1971,1,rural,3,0,0.1,22.8,252429
201437,1502,3,2,0.14,1967,2,suburban,3,1,1.2,11.1,387157
201438,1942,4,3,0.17,1964,1,downtown,4,0,1.1,4.7,522799
201439,1931,4,4,0.41,2010,0,rural,4,0,0.1,17.7,274319
201440,719,1,1,0.05,1998,3,downtown,3,0,3.9,7.5,265720
201441,1079,2,1,0.37,1965,3,suburban,2,1,0.9,5.3,272969
201442,1934,4,4,0.08,1992,2,suburban,3,0,1.7,9.0,408760
201443,963,2,1,0.11,1971,0,downtown,3,0,0.8,0.1,309550
201444,1885,4,4,0.05,1993,3,rural,3,0,0.9,13.5,292783
201445,2041,4,4,1.45,1970,0,suburban,5,0,3.6,14.8,495146
201446,887,2,1,0.08,1968,2,waterfront,2,1,1.1,4.3,410336
201447,1683,3,2,0.09,1969,2,downtown,3,0,4.9,0.1,578274
201448,1071,2,1,0.07,1992,2,downtown,4,0,3.6,1.5,394781
201449,857,2,2,0.21,1937,0,downtown,3,0,0.1,2.0,318819
201450,1777,4,4,0.19,1951,1,suburban,1,0,7.6,7.5,352156
201451,1494,3,3,0.64,2023,1,suburban,4,1,0.2,10.2,449933
201452,2043,4,5,0.28,1997,2,rural,4,0,1.9,16.1,370829
201453,854,2,2,0.11,2014,2,suburban,3,0,2.3,2.4,271357
201454,1695,3,2,1.39,2007,0,waterfront,5,1,0.1,6.1,586290
201455,2037,4,3,0.15,1962,0,suburban,4,1,4.0,7.3,371109
201456,1890,4,3,0.48,1959,2,suburban,2,0,0.6,7.6,478109
201457,2029,4,4,0.05,1999,0,suburban,3,0,2.9,6.8,461080
201458,2660,5,4,1.03,2006,2,rural,4,0,1.0,21.7,380139
201459,2059,4,3,1.41,1996,1,suburban,5,0,6.6,10.2,440310
201460,1709,3,3,0.94,1965,2,suburban,5,0,4.4,9.5,428827
201461,2532,5,4,0.09,2022,2,suburban,4,0,6.4,7.0,501668
201462,2159,4,4,0.3,1993,0,rural,5,0,5.0,21.7,329952
201463,1574,3,3,0.06,1957,0,downtown,5,0,18.5,0.1,480875
201464,1455,3,3,0.23,2011,2,downtown,5,0,6.1,0.1,573790
201465,616,1,1,0.06,1996,2,downtown,3,0,0.8,1.8,257907
201466,1860,4,3,0.22,1989,2,waterfront,3,1,9.0,12.4,587175
201467,1141,2,1,0.1,1978,2,downtown,2,0,0.3,0.1,367817
201468,889,2,2,0.25,1967,2,downtown,4,0,10.8,2.7,370889
201469,2078,4,3,1.59,2020,2,suburban,3,0,2.1,7.2,554410
201470,1643,3,2,1.13,1993,1,waterfront,3,0,1.1,11.6,529818
201471,2748,5,3,2.16,1994,2,rural,2,0,1.7,20.9,429728
201472,1852,4,4,3.06,1996,2,rural,3,0,2.5,18.1,299818
201473,2085,4,3,0.95,1959,3,rural,2,1,0.7,23.6,298245
201474,1030,2,1,0.25,1994,1,downtown,4,0,0.8,5.9,427438
201475,2582,5,5,1.19,1990,3,rural,4,1,1.2,22.6,477879
201476,2069,4,3,0.06,2003,0,suburban,4,0,1.2,6.4,442004
201477,732,1,2,0.11,1990,1,downtown,3,0,4.5,1.7,266060
201478,1553,3,3,0.05,1996,1,downtown,4,0,0.5,0.1,450079
201479,1781,4,3,0.05,2004,0,suburban,4,1,0.7,4.2,412579
201480,3201,6,5,0.73,1969,2,rural,3,1,8.4,24.3,443133
201481,1756,4,3,2.06,1979,2,rural,4,0,3.3,16.6,289149
201482,727,1,1,0.06,1980,3,downtown,4,1,11.0,0.5,328146
201483,938,2,1,0.31,1994,0,waterfront,5,1,4.1,15.0,352463
201484,1447,3,2,0.11,2005,2,downtown,4,0,1.0,3.9,459044
201485,1561,3,2,0.35,1970,1,suburban,3,0,0.6,10.3,349140
201486,1857,4,2,1.13,1985,1,rural,5,0,0.7,22.5,223507
201487,2483,5,4,0.44,2008,2,suburban,4,0,0.9,8.1,572069
201488,2038,4,3,1.4,1992,1,rural,2,1,3.0,17.6,308936
201489,1227,2,1,0.55,2011,2,suburban,5,1,13.5,10.8,334896
201490,2793,6,5,0.49,1988,3,rural,3,0,4.3,19.0,404449
201491,1828,4,3,6.28,1980,1,rural,4,0,1.3,15.5,374514
201492,2680,5,4,0.05,1987,3,waterfront,4,0,2.9,13.6,820897
201493,1961,4,3,0.89,1968,2,waterfront,4,1,1.5,12.4,575833
201494,2458,5,4,0.05,2002,1,suburban,4,0,4.5,4.6,502319
201495,2404,5,4,0.08,1972,1,waterfront,3,1,2.5,6.3,731419
201496,2091,4,3,0.54,1972,2,waterfront,3,1,4.9,9.0,715529
201497,1944,4,4,0.05,1958,2,suburban,4,0,1.7,6.0,438880
201498,2231,4,4,0.26,1955,1,suburban,5,0,4.2,1.6,564598
201499,1714,3,2,0.06,2024,2,downtown,5,0,0.4,1.4,489313
201500,2938,6,5,2.94,1959,2,rural,3,1,1.6,14.4,560612
