applicant_id,age,income,employment_years,debt_to_income,credit_history_months,num_open_accounts,num_delinquencies,loan_amount,loan_term,interest_rate,approved
100001,45,50557,7,0.08,136,4,0,27101,60,11.4,1
100002,58,54781,3,0.15,73,5,2,3233,240,10.4,1
100003,32,136781,0,0.15,44,9,0,28692,180,7.8,0
100004,59,56852,1,0.46,37,1,0,18643,240,10.9,0
100005,21,93884,0,0.15,115,7,0,26969,36,7.3,1
100006,36,85115,1,0.28,164,7,1,34902,180,7.5,0
100007,36,45075,3,0.23,35,4,0,9952,12,7.0,0
100008,39,93280,0,0.16,140,4,0,53220,72,11.2,0
100009,23,34880,10,0.13,172,5,2,10180,180,4.3,0
100010,62,66051,1,0.16,129,11,2,12087,36,2.5,0
100011,48,33615,1,0.43,169,3,2,50400,36,7.8,0
100012,49,212609,4,0.31,178,6,2,18606,36,6.8,0
100013,37,42717,1,0.37,51,4,0,35338,84,9.7,0
100014,32,70089,9,0.27,73,3,0,11318,240,5.8,1
100015,47,64680,2,0.02,110,3,2,5347,240,2.5,1
100016,46,83523,3,0.19,176,7,1,32418,180,5.0,1
100017,36,76845,2,0.32,128,2,2,124358,48,7.3,0
100018,44,86087,9,0.18,146,4,0,29595,36,2.5,0
100019,53,117884,2,0.05,117,5,0,41256,48,8.6,1
100020,31,96854,16,0.13,198,3,1,13557,180,8.0,0
100021,38,140949,3,0.25,48,4,0,26438,360,6.6,0
100022,41,56464,10,0.08,122,7,0,5864,36,7.9,0
100023,57,46575,3,0.14,166,6,2,15628,60,7.0,0
100024,34,60391,1,0.19,206,4,0,8174,240,6.5,0
100025,23,37065,21,0.2,232,11,0,30503,12,5.6,1
100026,32,111089,10,0.13,140,7,0,50923,48,9.1,0
100027,26,35812,6,0.17,213,5,1,37885,36,9.6,0
100028,42,55535,5,0.17,6,8,0,52728,72,2.5,0
100029,38,50947,0,0.3,149,5,0,7548,60,5.3,0
100030,21,70015,13,0.23,237,3,1,11636,120,4.8,1
100031,46,47215,5,0.01,105,5,0,4339,180,7.6,0
100032,43,28409,11,0.3,6,8,1,10160,24,7.0,0
100033,21,39793,4,0.07,174,0,2,46939,180,6.8,0
100034,21,200455,10,0.09,179,5,0,22809,60,10.0,1
100035,33,94198,5,0.49,58,6,1,30255,120,7.8,0
100036,49,74531,10,0.19,169,8,0,4043,24,9.7,0
100037,41,25866,0,0.3,256,5,0,18681,12,8.0,1
100038,21,75955,3,0.1,204,2,1,9590,360,3.8,0
100039,33,22262,3,0.36,52,4,0,15549,240,8.3,0
100040,32,49427,0,0.17,45,5,0,6188,36,9.6,0
100041,21,28424,8,0.09,29,6,0,6554,48,8.6,0
100042,53,59158,4,0.21,200,6,1,10606,24,2.5,0
100043,53,30068,1,0.25,151,2,0,25718,12,10.8,0
100044,30,39655,4,0.03,222,8,0,18190,240,2.5,0
100045,61,41715,1,0.5,156,6,1,26377,12,6.9,0
100046,60,56604,7,0.09,186,5,0,29911,84,4.3,0
100047,29,77327,4,0.08,188,4,1,23791,360,6.6,0
100048,28,202033,6,0.21,156,3,1,4612,60,3.2,1
100049,24,79538,3,0.43,80,9,0,34488,180,10.1,0
100050,49,57926,0,0.06,117,5,0,21526,24,7.2,0
100051,52,111534,9,0.02,170,5,0,20923,360,6.5,0
100052,54,38495,3,0.51,93,4,0,36951,48,9.0,0
100053,59,47928,0,0.15,168,9,1,9985,240,6.7,0
100054,34,49808,20,0.44,86,4,1,20807,36,6.5,1
100055,21,69798,7,0.2,126,4,1,25216,36,7.1,0
100056,48,136400,1,0.22,144,8,1,22037,240,5.4,0
100057,47,36120,1,0.26,6,1,1,10161,84,5.0,0
100058,38,62287,6,0.2,98,3,1,15096,48,10.3,0
100059,60,95635,1,0.16,46,7,0,3667,240,5.3,0
100060,31,38771,0,0.05,140,5,2,18393,36,6.5,1
100061,23,122891,1,0.45,92,5,0,16813,72,6.8,0
100062,49,67018,9,0.25,264,2,0,13150,24,10.1,1
100063,41,42806,2,0.29,61,3,1,43966,180,11.1,0
100064,44,76169,9,0.39,199,5,0,15341,180,6.0,0
100065,45,32344,9,0.06,114,6,0,11157,60,2.5,0
100066,34,119013,2,0.03,22,6,1,8946,84,2.8,0
100067,57,38106,3,0.11,21,4,1,13518,120,6.7,0
100068,30,37046,12,0.05,110,6,0,5993,12,8.1,0
100069,45,46552,0,0.25,78,1,0,11696,12,8.3,0
100070,29,121537,3,0.05,56,4,0,14246,84,5.1,0
100071,62,71225,10,0.11,240,5,0,6230,60,11.9,0
100072,28,43477,5,0.35,104,7,1,9363,12,7.4,1
100073,27,31315,3,0.1,6,2,0,28645,180,11.6,0
100074,40,95135,3,0.15,203,4,0,19825,60,6.2,0
100075,44,37161,3,0.26,53,6,0,6778,84,8.7,0
100076,33,70556,14,0.13,59,0,0,14015,60,6.1,1
100077,44,26868,10,0.54,78,4,0,63315,12,3.3,0
100078,35,67966,0,0.23,86,6,1,5121,12,8.2,0
100079,54,58956,1,0.41,214,5,0,20783,36,2.5,0
100080,25,29239,6,0.37,153,4,0,14089,12,2.5,1
100081,34,83504,1,0.33,96,4,0,8288,180,3.5,1
100082,41,77191,2,0.24,119,6,1,24027,72,5.9,0
100083,34,43605,18,0.14,162,5,2,19095,24,10.0,1
100084,40,70604,20,0.06,136,4,1,7667,240,6.8,0
100085,22,25643,3,0.39,86,4,0,25987,24,8.3,0
100086,38,88848,1,0.2,85,1,1,2178,240,8.4,0
100087,25,66710,1,0.35,93,4,1,22306,36,3.3,0
100088,29,20000,9,0.09,160,4,1,9494,120,8.1,0
100089,36,53366,0,0.19,193,1,0,7797,48,2.5,0
100090,48,96655,1,0.29,179,3,0,7865,180,8.4,1
100091,65,112174,8,0.51,141,7,0,15480,120,6.5,0
100092,25,95582,12,0.42,42,3,0,15738,24,8.0,1
100093,31,53815,0,0.18,90,3,0,11789,120,10.1,0
100094,37,35409,9,0.38,89,2,1,6141,72,9.5,0
100095,49,74393,3,0.29,63,4,0,9983,12,3.5,0
100096,66,46722,0,0.24,181,4,0,20226,240,9.8,0
100097,48,30612,2,0.19,112,8,1,30916,60,2.5,0
100098,23,30114,0,0.41,92,6,0,4375,84,6.2,0
100099,28,46188,1,0.15,78,4,1,14622,360,5.5,1
100100,21,84290,2,0.23,113,5,0,8753,36,7.9,0
100101,38,39987,0,0.37,122,7,0,6081,240,9.0,0
100102,61,32299,4,0.27,81,4,1,7635,72,5.5,0
100103,31,119526,4,0.28,78,5,0,9236,120,5.5,1
100104,44,107388,6,0.1,149,7,0,7387,60,9.3,1
100105,46,35253,26,0.32,83,5,0,9400,60,8.7,0
100106,24,32709,15,0.28,40,5,0,28516,12,5.3,0
100107,35,121502,6,0.12,94,6,0,10082,120,8.6,1
100108,37,40251,12,0.23,207,5,1,9311,360,4.1,0
100109,41,94234,4,0.24,114,7,2,6940,84,10.3,0
100110,30,154143,1,0.04,164,5,3,7185,84,10.7,0
100111,41,24028,9,0.25,167,3,1,6097,36,6.7,0
100112,65,31053,5,0.34,105,7,0,7403,12,7.3,0
100113,34,49385,3,0.07,256,4,1,9514,84,9.3,0
100114,45,212231,2,0.15,100,6,0,7652,36,9.5,0
100115,37,24573,10,0.37,128,3,0,2962,36,4.8,0
100116,51,57351,3,0.43,168,3,0,16543,36,5.2,0
100117,44,55780,0,0.26,81,2,0,32402,180,4.4,1
100118,52,45812,3,0.29,86,5,0,5271,72,10.1,0
100119,53,47732,0,0.13,94,4,0,26249,24,11.8,0
100120,58,149917,0,0.09,111,4,1,22369,60,6.7,0
100121,42,97398,24,0.26,146,5,1,3786,36,5.4,1
100122,64,56538,1,0.15,88,7,1,19838,60,2.5,0
100123,42,61504,4,0.24,96,7,1,3861,72,10.8,0
100124,21,142656,5,0.15,6,6,0,4029,12,6.6,0
100125,52,75203,0,0.16,176,4,0,9182,84,9.6,1
100126,54,26376,0,0.23,106,3,0,7253,120,7.3,0
100127,38,21019,0,0.19,176,3,0,23876,84,6.4,0
100128,47,29154,23,0.03,120,5,1,26973,48,3.7,0
100129,27,38264,1,0.35,168,3,1,24822,120,7.6,0
100130,29,95110,0,0.1,135,6,0,15298,360,8.4,1
100131,50,71328,1,0.15,71,5,0,12693,24,10.3,0
100132,36,63812,4,0.46,170,5,1,33349,72,3.4,0
100133,59,59643,2,0.36,127,1,0,11468,72,2.5,0
100134,39,54584,3,0.18,162,3,1,22086,180,5.9,1
100135,33,88470,4,0.09,38,5,0,10126,180,6.5,0
100136,32,180536,0,0.19,247,8,0,18089,60,9.7,1
100137,40,94980,17,0.25,224,5,0,27581,240,4.6,0
100138,37,45309,9,0.64,107,5,0,5639,72,7.9,0
100139,30,71207,4,0.15,115,1,0,19430,24,9.3,0
100140,46,50977,20,0.37,105,10,1,4528,120,8.4,1
100141,48,43548,3,0.23,81,5,1,3617,24,10.0,0
100142,54,20783,3,0.09,54,6,0,21936,84,11.2,0
100143,35,26223,5,0.16,94,1,2,2158,120,7.6,0
100144,32,99378,10,0.01,109,4,1,21296,120,4.8,1
100145,27,76091,8,0.19,79,9,0,14181,240,4.6,1
100146,41,22592,1,0.08,64,6,0,16833,84,9.4,0
100147,39,75581,1,0.31,53,9,1,10875,48,6.8,1
100148,45,101108,11,0.31,257,5,2,51498,360,7.6,0
100149,42,25730,10,0.35,91,5,0,5660,12,5.7,0
100150,52,49379,5,0.22,89,5,1,15494,72,8.3,0
100151,37,53442,22,0.16,122,4,0,44088,24,7.4,1
100152,42,56087,5,0.19,209,1,2,31998,360,10.6,0
100153,52,30906,5,0.09,140,4,0,10625,12,2.5,1
100154,49,112370,8,0.4,163,7,0,10657,180,9.4,1
100155,28,62762,8,0.24,78,3,0,8901,84,7.7,0
100156,45,68596,16,0.06,129,5,0,44282,72,5.7,0
100157,56,91796,4,0.23,91,6,0,8294,36,4.3,0
100158,24,81357,1,0.38,78,4,0,16831,240,8.4,0
100159,46,30553,4,0.05,6,8,0,19709,84,4.2,0
100160,47,66527,4,0.09,214,4,0,8899,360,2.9,1
100161,33,57312,4,0.18,6,7,0,10561,120,4.6,0
100162,34,28503,13,0.35,277,3,1,6134,120,6.3,0
100163,59,45583,2,0.11,122,1,0,7130,120,5.0,0
100164,50,20000,20,0.28,102,5,0,34280,48,12.3,0
100165,36,75038,3,0.07,160,7,0,35680,84,9.1,0
100166,26,24223,1,0.44,128,6,0,30137,24,9.6,0
100167,38,34410,10,0.46,171,5,0,18476,72,2.9,1
100168,47,70558,3,0.24,18,8,1,11141,84,5.6,0
100169,47,79094,11,0.38,105,6,1,34010,84,8.9,0
100170,52,148750,5,0.17,98,7,0,39910,36,6.1,0
100171,21,76951,4,0.24,183,3,0,41186,84,8.1,0
100172,46,34894,3,0.29,151,8,0,33914,48,7.5,1
100173,36,122280,0,0.29,164,8,0,21628,84,3.9,0
100174,35,35174,3,0.5,206,3,2,15994,48,10.7,0
100175,21,71086,1,0.1,185,5,3,9488,84,6.2,0
100176,27,65001,3,0.09,126,6,0,12447,24,10.4,0
100177,48,65966,10,0.13,116,7,0,44040,12,7.1,0
100178,56,93789,3,0.21,130,5,1,35145,84,12.6,0
100179,35,32924,9,0.14,88,5,0,18745,240,8.6,0
100180,54,50468,2,0.06,118,4,0,8735,24,8.4,0
100181,62,57512,16,0.47,46,5,1,21108,180,6.1,1
100182,43,24920,0,0.16,66,5,1,22648,60,3.6,0
100183,37,74345,2,0.09,19,2,0,8436,360,11.7,1
100184,51,63938,1,0.2,182,4,0,26838,120,5.6,0
100185,23,48598,1,0.41,170,1,0,12410,180,9.5,0
100186,49,33709,3,0.32,53,3,1,17098,12,5.3,0
100187,43,57795,0,0.21,95,1,0,12189,60,7.8,0
100188,55,48612,2,0.28,150,4,0,38618,36,8.8,0
100189,28,56316,1,0.29,147,1,0,4608,12,6.3,0
100190,21,90610,10,0.13,84,3,1,27635,120,8.5,0
100191,45,21271,16,0.15,146,2,0,14949,12,7.2,0
100192,34,71314,1,0.39,46,4,1,21439,24,6.1,0
100193,30,96632,0,0.4,99,2,1,4627,120,8.0,0
100194,29,31026,10,0.26,89,3,0,11111,84,7.5,0
100195,55,20261,14,0.09,193,3,0,12504,180,8.3,1
100196,43,63004,3,0.25,109,3,1,5141,60,8.4,0
100197,21,45985,3,0.23,106,4,1,18842,180,5.9,0
100198,21,104731,0,0.19,125,7,0,9389,120,6.4,1
100199,29,38177,1,0.09,89,8,0,8364,84,4.1,1
100200,34,38280,2,0.5,214,6,0,7319,72,7.8,0
100201,44,33623,0,0.3,124,3,0,9659,36,3.9,0
100202,35,77355,3,0.04,188,6,1,15472,12,4.1,0
100203,31,72632,0,0.19,173,7,0,20599,180,3.1,0
100204,49,28854,1,0.32,142,2,0,5629,180,3.8,0
100205,62,41236,6,0.06,237,1,0,20740,72,6.3,1
100206,28,90973,4,0.26,142,1,0,14818,360,6.3,1
100207,46,40856,6,0.19,105,6,1,5963,84,7.5,0
100208,41,86005,10,0.11,6,4,0,12540,240,9.9,0
100209,38,20000,11,0.34,72,5,1,17016,180,5.6,0
100210,21,45218,0,0.27,61,2,0,30526,360,13.8,0
100211,63,53651,1,0.48,215,6,1,19967,60,5.9,0
100212,38,32429,6,0.39,215,5,0,14115,36,2.5,0
100213,26,23302,0,0.13,239,5,0,7742,84,4.0,0
100214,40,35621,6,0.09,174,2,0,7340,48,3.9,1
100215,50,58077,3,0.15,74,8,0,15074,84,3.5,0
100216,54,33138,5,0.08,151,2,0,32760,360,6.5,0
100217,27,41148,5,0.31,88,5,0,18232,180,10.3,0
100218,38,57562,3,0.23,149,5,0,19819,240,5.6,1
100219,24,62510,3,0.01,131,1,0,27157,60,7.5,1
100220,42,27767,6,0.11,21,7,0,14526,180,6.5,0
100221,34,132027,5,0.1,149,3,0,17726,24,3.0,1
100222,36,111693,5,0.3,258,3,1,11788,360,8.2,1
100223,21,63136,3,0.22,238,3,1,3979,60,12.6,0
100224,33,30123,6,0.01,49,5,0,16066,24,7.1,1
100225,38,41251,1,0.41,56,4,0,11599,72,8.0,1
100226,47,57615,1,0.11,154,2,1,2304,360,2.5,0
100227,49,67578,2,0.45,90,5,1,19774,240,4.6,0
100228,31,34232,3,0.28,113,8,0,26892,180,5.8,0
100229,23,148155,16,0.38,36,3,0,12676,240,8.5,0
100230,28,44914,1,0.48,169,8,1,13793,72,6.1,0
100231,34,61656,2,0.21,153,7,0,17349,36,7.9,0
100232,54,28884,8,0.35,170,3,1,29907,360,6.8,0
100233,39,70938,6,0.51,162,9,0,4506,24,9.7,1
100234,40,59495,5,0.16,88,1,0,34425,12,3.1,1
100235,41,41965,0,0.22,81,9,0,31375,12,9.4,0
100236,49,50968,2,0.08,148,2,1,21497,12,9.3,0
100237,28,51948,8,0.16,70,3,0,12511,12,4.5,0
100238,41,150397,11,0.11,134,5,0,4281,36,7.3,1
100239,26,38609,1,0.17,117,11,0,44217,360,6.5,0
100240,40,46036,8,0.2,175,3,0,2798,72,4.0,0
100241,61,47965,9,0.14,70,8,0,40098,36,6.6,1
100242,54,68902,0,0.13,137,4,0,6253,120,9.3,0
100243,70,34744,3,0.26,6,2,0,18316,360,9.1,1
100244,42,26808,1,0.05,163,5,0,8857,120,4.2,0
100245,52,60129,0,0.08,123,3,1,13112,240,4.4,0
100246,39,70837,4,0.32,87,10,0,28192,240,3.9,0
100247,68,155005,1,0.21,271,4,1,65184,24,9.0,0
100248,21,66959,0,0.21,145,10,0,8574,48,8.1,0
100249,54,96983,2,0.19,111,4,0,8897,60,5.2,0
100250,46,82279,15,0.08,198,4,0,14649,24,11.4,0
100251,22,64720,8,0.19,57,5,1,51349,72,4.7,0
100252,35,62800,0,0.13,129,3,0,14761,72,4.4,0
100253,39,179043,1,0.33,112,5,0,30463,24,6.4,1
100254,59,26264,11,0.5,102,9,0,17835,360,4.1,0
100255,26,53575,14,0.26,137,4,2,34857,24,2.5,1
100256,52,46121,2,0.13,61,6,0,25725,72,2.5,0
100257,38,51715,3,0.2,98,2,0,33450,12,6.3,1
100258,50,56381,2,0.18,130,7,1,17893,72,4.4,0
100259,21,32763,1,0.03,143,5,0,17995,48,6.4,1
100260,24,51575,2,0.15,138,5,0,6205,84,7.1,0
100261,57,58402,11,0.03,6,9,0,20694,240,8.1,0
100262,32,56504,21,0.04,62,4,0,8754,48,10.4,1
100263,34,20129,0,0.2,43,5,0,21435,360,6.6,1
100264,44,61807,3,0.02,101,7,0,22341,72,9.1,0
100265,59,32106,7,0.01,105,10,0,28754,60,9.5,0
100266,43,21983,4,0.1,270,8,0,12985,180,6.7,0
100267,58,21569,9,0.32,27,1,0,18865,360,6.8,0
100268,50,64700,1,0.31,96,6,1,8722,180,5.4,1
100269,30,45317,10,0.18,130,7,1,12636,24,2.5,1
100270,58,73335,1,0.13,86,4,0,6098,60,3.6,0
100271,40,48426,3,0.42,201,3,0,9046,12,5.0,0
100272,39,51347,2,0.28,92,7,1,3821,36,2.5,0
100273,36,58988,5,0.54,115,4,2,17728,360,9.1,0
100274,47,46634,5,0.15,168,5,0,8671,360,10.0,1
100275,47,56352,3,0.27,141,2,0,8732,60,5.8,1
100276,54,44082,20,0.29,134,6,0,16168,360,5.2,0
100277,44,35035,24,0.15,152,3,2,24669,240,4.9,0
100278,21,74598,23,0.15,163,2,0,18040,120,4.8,0
100279,53,53692,8,0.51,75,4,1,3249,120,6.4,0
100280,54,34921,8,0.26,90,3,0,32446,12,7.9,0
100281,39,69248,1,0.21,52,5,0,26540,36,2.5,0
100282,51,60079,9,0.12,119,2,2,20778,84,5.1,0
100283,39,24406,14,0.18,45,5,0,21436,240,6.5,1
100284,55,48620,17,0.37,152,4,1,23960,240,2.5,0
100285,37,34089,3,0.26,82,3,0,9452,84,8.3,1
100286,21,21485,1,0.06,99,4,1,8706,84,2.5,1
100287,29,58743,3,0.42,93,5,1,6612,360,3.8,0
100288,60,47947,10,0.33,69,8,0,23534,180,5.2,0
100289,37,36090,3,0.42,144,5,0,7054,120,5.6,0
100290,27,49094,4,0.09,113,7,0,7996,120,5.0,0
100291,51,100856,2,0.19,158,6,0,7842,240,10.3,0
100292,45,73134,6,0.28,116,9,0,11935,240,2.9,0
100293,44,50675,4,0.16,134,4,2,7619,36,6.0,0
100294,39,105270,7,0.05,118,3,0,15149,360,2.5,0
100295,31,37348,1,0.08,115,1,0,15837,36,7.9,0
100296,39,63306,13,0.12,124,1,0,6276,36,10.9,0
100297,32,72857,9,0.12,127,2,2,5858,360,9.2,0
100298,41,20000,4,0.45,239,5,0,13568,60,8.7,0
100299,43,34529,16,0.37,181,2,2,19606,120,6.7,0
100300,30,55017,19,0.24,137,5,0,6593,84,6.6,0
100301,30,58354,1,0.03,200,3,0,17429,180,6.7,0
100302,21,78079,3,0.15,96,4,0,60155,36,12.5,0
100303,38,65398,1,0.32,205,4,1,9960,240,6.0,0
100304,50,74146,0,0.24,119,9,0,20160,48,8.9,0
100305,42,33733,6,0.26,210,7,1,33551,24,6.8,0
100306,35,70230,1,0.05,123,5,1,4972,36,6.3,1
100307,33,58422,10,0.43,83,4,1,6567,72,4.8,0
100308,35,89044,9,0.46,148,4,2,8222,240,7.8,0
100309,27,23304,0,0.1,160,3,1,20387,120,5.5,1
100310,26,34611,25,0.16,8,9,0,24481,24,9.4,1
100311,41,35087,13,0.17,115,4,1,27400,360,9.9,0
100312,23,163205,6,0.27,95,9,0,19266,60,6.6,0
100313,27,90938,6,0.06,122,3,0,11830,12,6.9,0
100314,52,31092,1,0.1,105,4,0,29644,240,3.5,1
100315,48,256903,1,0.11,61,5,3,7471,12,8.2,0
100316,33,72700,15,0.17,96,6,1,5709,360,8.4,0
100317,47,122887,17,0.36,123,7,0,45364,360,5.0,0
100318,21,78005,1,0.37,52,4,0,3528,180,3.3,0
100319,32,82565,13,0.23,76,5,0,37340,72,12.2,1
100320,64,56513,1,0.07,259,5,0,5042,72,12.1,0
100321,62,50915,11,0.11,103,10,2,4754,120,6.8,0
100322,21,41946,0,0.16,37,8,0,18773,84,2.5,0
100323,56,77343,1,0.39,125,6,0,15710,72,9.4,0
100324,25,169043,1,0.17,119,4,0,7208,84,11.2,1
100325,47,45311,5,0.03,114,6,2,14025,120,4.6,0
100326,23,45050,6,0.29,117,7,0,14833,12,9.3,0
100327,21,151919,1,0.11,129,5,0,9969,72,15.8,0
100328,27,67634,7,0.21,220,6,0,22597,72,9.0,0
100329,32,24849,13,0.2,95,3,0,23648,240,8.3,0
100330,60,43411,9,0.26,91,6,1,17089,36,8.6,0
100331,22,28813,4,0.4,169,6,0,31478,12,5.1,0
100332,49,38430,4,0.1,100,5,1,35588,120,8.1,1
100333,21,48519,16,0.12,130,7,0,6797,180,3.4,0
100334,43,43898,14,0.15,81,5,0,14311,48,2.5,0
100335,36,29674,2,0.1,103,10,0,2861,12,5.9,1
100336,36,137168,2,0.3,151,4,0,13732,12,11.2,1
100337,38,136858,4,0.34,65,5,0,43441,360,3.4,0
100338,51,120147,8,0.22,91,7,0,4941,120,11.2,0
100339,21,63306,2,0.37,132,4,1,8053,60,4.9,0
100340,47,76256,16,0.29,96,7,0,4819,36,5.7,0
100341,55,74764,8,0.11,45,6,1,38803,48,13.0,0
100342,47,88516,11,0.18,122,3,1,23257,48,2.5,1
100343,47,45340,0,0.1,179,5,2,12613,24,4.9,0
100344,35,109492,3,0.11,128,5,0,22353,180,7.2,0
100345,32,22493,3,0.19,158,3,1,16012,84,4.2,0
100346,58,30555,0,0.2,167,2,1,22588,24,4.5,0
100347,45,103825,4,0.11,221,7,0,42999,24,6.5,0
100348,47,91801,4,0.39,6,8,0,13333,360,5.4,0
100349,36,54569,0,0.19,9,3,0,10351,360,4.7,0
100350,44,96777,0,0.39,161,2,0,17910,24,7.7,0
100351,45,41891,2,0.12,144,2,0,35274,24,6.7,0
100352,42,33860,3,0.24,177,4,2,26039,72,9.5,0
100353,37,42432,6,0.18,6,5,0,14272,360,4.1,0
100354,43,69094,10,0.22,187,6,0,1798,36,2.5,0
100355,40,20000,5,0.05,130,5,0,34255,12,5.3,0
100356,22,48750,1,0.5,121,7,1,11925,84,6.9,1
100357,21,71283,3,0.3,125,4,1,6468,180,6.3,0
100358,44,71537,0,0.04,223,2,1,10677,240,2.5,1
100359,41,64004,0,0.35,154,2,0,35897,180,16.3,0
100360,43,44714,0,0.24,46,5,1,9292,48,9.6,0
100361,37,30298,8,0.1,153,6,0,5096,180,7.1,0
100362,26,33946,0,0.02,182,2,0,6818,240,8.6,1
100363,44,76702,3,0.34,282,5,0,11367,84,5.7,1
100364,27,96081,4,0.33,189,2,0,10086,60,7.6,1
100365,26,81656,0,0.17,159,5,1,6161,60,9.4,0
100366,44,48911,5,0.16,55,6,0,32821,12,6.2,0
100367,32,38221,1,0.33,38,5,0,31554,36,6.9,1
100368,64,52138,33,0.27,126,8,0,23325,120,8.3,1
100369,38,92048,2,0.28,72,6,1,46206,120,7.3,0
100370,70,51155,4,0.21,79,5,0,3042,240,6.5,1
100371,41,20000,4,0.07,245,2,0,21925,360,5.4,1
100372,21,69305,10,0.14,146,6,0,30252,12,7.0,0
100373,23,48607,4,0.36,140,5,0,8825,48,11.4,0
100374,50,26806,16,0.1,166,8,2,9579,240,10.5,0
100375,51,29390,1,0.3,148,3,1,5888,72,5.3,0
100376,39,39514,7,0.34,208,3,0,25888,180,7.4,0
100377,31,41934,7,0.06,169,4,0,23673,60,3.8,0
100378,26,46703,8,0.35,139,4,0,42138,84,8.1,0
100379,44,31055,7,0.36,59,5,0,15623,84,5.7,1
100380,38,117514,4,0.26,100,4,0,13678,36,7.9,1
100381,41,33666,15,0.25,89,8,0,18687,120,4.3,0
100382,52,30133,8,0.34,147,4,1,12330,120,7.4,0
100383,40,65091,9,0.19,93,8,0,22950,120,4.7,0
100384,21,149311,2,0.2,150,4,0,11502,240,11.2,1
100385,48,67794,1,0.07,6,8,0,24909,24,13.2,1
100386,44,20000,1,0.1,71,2,1,16722,84,4.5,0
100387,39,21039,3,0.08,86,1,1,6198,360,4.6,0
100388,54,25991,2,0.2,134,8,0,12007,84,12.6,0
100389,21,52392,12,0.06,137,5,0,10357,180,4.7,1
100390,44,131073,7,0.07,93,6,0,84670,72,7.9,0
100391,41,40123,6,0.18,46,4,1,33204,84,5.9,1
100392,48,179146,0,0.13,92,6,1,25435,60,10.1,1
100393,27,76834,3,0.24,147,3,0,26673,36,9.6,1
100394,38,87501,0,0.55,178,3,0,5609,72,8.8,0
100395,51,39695,1,0.09,50,2,1,64911,84,5.4,0
100396,53,43406,9,0.14,93,5,0,12081,12,6.5,0
100397,45,31258,2,0.1,153,2,0,18179,240,2.5,0
100398,21,50307,0,0.19,109,5,0,28823,12,9.2,0
100399,32,69402,14,0.31,100,3,0,30795,180,4.5,1
100400,41,28487,2,0.1,164,5,2,8150,72,9.9,0
100401,37,43185,4,0.22,78,5,0,28809,72,7.0,0
100402,37,32589,3,0.12,39,6,1,10972,60,5.0,0
100403,26,26337,2,0.28,141,6,2,11444,240,4.2,0
100404,29,42553,1,0.02,51,5,0,6475,240,7.8,1
100405,21,50444,1,0.07,172,3,0,20367,24,8.7,1
100406,35,36011,1,0.12,19,5,1,6579,120,8.3,0
100407,35,52184,2,0.5,150,4,0,13463,120,4.1,1
100408,47,141621,1,0.01,149,7,0,32270,48,8.2,1
100409,31,37887,10,0.11,105,10,0,59880,360,5.6,0
100410,59,52500,10,0.33,207,6,0,25121,24,2.5,1
100411,55,66219,3,0.05,60,5,0,25402,360,9.1,0
100412,23,35408,9,0.1,182,3,0,9747,48,3.7,1
100413,38,65301,8,0.54,147,1,0,7845,72,5.8,0
100414,35,53064,6,0.07,45,6,0,10642,84,4.6,0
100415,47,75150,6,0.06,150,4,0,16035,240,8.4,0
100416,33,67248,2,0.1,125,5,0,14003,36,2.5,1
100417,31,79800,2,0.15,176,7,0,31304,120,2.5,0
100418,48,92499,6,0.36,182,8,0,12622,360,3.9,0
100419,61,42830,5,0.27,142,8,0,6628,36,4.2,0
100420,29,29821,6,0.14,98,6,0,16506,360,3.3,1
100421,21,123713,10,0.1,107,4,0,11479,72,9.5,0
100422,40,27777,11,0.24,178,2,0,6048,36,8.6,0
100423,46,116958,10,0.49,65,4,0,4930,24,5.6,0
100424,60,20000,1,0.07,239,5,0,48229,24,14.8,1
100425,39,81936,40,0.2,175,5,1,6094,180,2.5,0
100426,26,37144,1,0.41,171,9,1,20637,12,11.5,0
100427,53,34781,0,0.39,120,4,0,6890,36,4.7,1
100428,56,73655,3,0.21,155,6,1,18794,180,8.6,1
100429,22,84559,11,0.22,87,4,1,7039,36,5.5,0
100430,39,52383,2,0.18,6,4,0,14082,120,6.1,0
100431,53,43703,11,0.05,177,3,3,10327,360,9.1,0
100432,54,57585,5,0.27,45,6,0,28502,48,7.7,0
100433,41,40569,15,0.29,116,6,0,8082,36,12.1,0
100434,52,109591,7,0.19,144,8,0,9580,180,5.1,1
100435,36,47113,0,0.27,128,13,0,64263,12,2.5,0
100436,45,88918,4,0.32,216,2,1,9008,120,6.3,0
100437,50,20000,11,0.09,95,5,0,5485,240,3.5,0
100438,32,30662,9,0.39,159,6,0,20320,12,2.5,0
100439,47,27281,8,0.29,243,6,0,3596,60,6.4,1
100440,61,59859,3,0.04,282,3,0,12776,360,8.7,0
100441,56,90165,9,0.13,124,4,0,17289,48,2.5,0
100442,56,21216,7,0.27,112,6,4,58386,12,8.6,0
100443,37,75672,17,0.03,173,7,0,19124,84,9.4,1
100444,42,65122,8,0.23,180,3,0,17146,240,7.4,0
100445,62,42538,16,0.11,141,3,1,22266,84,4.2,0
100446,32,77508,0,0.19,23,10,0,16794,48,8.6,0
100447,21,111890,2,0.09,170,4,1,8768,24,8.6,1
100448,24,53765,0,0.19,134,7,0,22220,60,11.1,0
100449,59,75936,0,0.26,94,8,1,4836,120,6.7,0
100450,41,60342,5,0.16,239,6,0,13471,120,2.5,0
100451,36,70807,2,0.48,197,4,1,9690,48,8.2,1
100452,63,53126,2,0.26,118,3,0,24440,36,4.9,0
100453,55,34755,8,0.17,88,7,0,5247,48,9.6,1
100454,47,51080,7,0.19,123,9,0,4586,360,5.5,1
100455,37,53137,12,0.48,42,8,0,13163,72,7.8,0
100456,30,75495,2,0.21,72,7,1,38136,240,8.8,0
100457,22,33437,3,0.04,88,5,0,46969,120,8.2,1
100458,75,70969,9,0.17,113,4,0,11744,84,9.4,1
100459,57,58893,6,0.22,76,5,0,5776,36,5.8,0
100460,29,41828,3,0.39,147,3,0,6994,72,8.6,0
100461,24,38546,1,0.33,224,3,1,21377,84,10.8,0
100462,64,65910,13,0.34,69,6,0,4168,36,6.1,0
100463,49,41875,2,0.12,223,4,0,29188,180,7.1,1
100464,21,31901,6,0.16,223,5,0,14549,60,5.7,0
100465,30,38113,6,0.16,71,6,0,9769,360,5.3,0
100466,64,34666,8,0.26,94,2,0,3028,240,4.0,0
100467,55,27708,4,0.47,149,2,1,3364,12,6.7,0
100468,21,30813,7,0.18,89,5,0,18807,84,6.9,0
100469,21,40906,0,0.04,160,6,3,17942,72,9.4,0
100470,38,79757,1,0.32,100,10,1,34064,36,7.7,0
100471,21,46148,6,0.04,170,3,0,21017,84,7.3,0
100472,42,103734,1,0.43,177,5,2,21873,360,2.5,0
100473,41,60438,3,0.45,29,7,0,19924,60,8.9,0
100474,47,61709,4,0.14,61,2,1,48777,84,8.6,0
100475,30,133101,7,0.21,88,7,0,6051,240,9.7,1
100476,53,108141,16,0.19,135,2,0,13750,60,6.3,0
100477,43,71304,2,0.08,98,8,1,10067,180,7.0,0
100478,34,56677,4,0.26,97,6,0,9216,24,4.0,0
100479,41,81227,18,0.19,259,7,0,21713,120,10.5,1
100480,48,116966,14,0.09,94,6,0,34519,180,10.2,1
100481,42,57353,2,0.12,191,2,0,9095,24,4.5,0
100482,25,62817,1,0.13,137,5,0,8576,120,5.2,0
100483,51,86287,0,0.24,116,5,0,11445,48,6.7,1
100484,39,49460,0,0.42,149,2,0,5472,24,9.0,0
100485,32,46012,3,0.28,44,4,0,26307,240,2.5,0
100486,45,21216,7,0.11,162,0,0,20766,24,11.5,0
100487,38,38393,1,0.37,190,6,1,4193,180,8.8,0
100488,41,67998,3,0.08,171,6,1,22951,360,11.8,1
100489,25,135013,4,0.28,128,1,0,21244,84,3.0,1
100490,44,67758,5,0.15,75,2,0,8985,120,13.8,0
100491,40,49490,13,0.2,96,5,0,7200,360,8.2,0
100492,28,54815,13,0.36,189,4,3,34421,120,13.3,0
100493,41,44791,7,0.44,95,6,2,6346,24,2.5,0
100494,36,20000,4,0.23,250,2,0,30573,360,9.4,1
100495,45,46756,7,0.36,77,1,0,62749,48,5.6,0
100496,42,68605,12,0.19,192,5,0,12189,84,3.8,0
100497,46,20000,0,0.06,96,7,0,13065,84,2.5,0
100498,43,34527,0,0.26,100,7,1,5250,36,8.4,0
100499,34,42421,9,0.23,171,5,1,14836,120,5.6,0
100500,66,26788,2,0.28,183,4,0,13811,360,2.5,0
100501,45,41752,24,0.3,184,6,0,13397,180,6.5,0
100502,34,105073,7,0.27,88,11,0,23425,72,8.0,0
100503,34,50722,11,0.41,103,5,0,20120,60,4.3,0
100504,47,42315,1,0.05,160,4,0,25549,72,5.8,0
100505,39,69214,10,0.61,109,7,1,40241,12,5.6,0
100506,53,24054,14,0.36,119,8,0,14405,24,10.0,0
100507,28,23547,3,0.2,50,3,1,20480,12,7.3,0
100508,33,61079,3,0.07,185,5,0,8325,180,10.7,0
100509,50,31002,10,0.32,191,4,0,4473,84,9.2,0
100510,37,105798,1,0.2,147,5,0,13588,24,10.2,0
100511,44,49282,14,0.05,119,3,0,14773,24,11.0,1
100512,43,32785,1,0.42,68,6,0,29582,180,5.0,0
100513,53,94072,1,0.22,131,5,0,8734,180,10.3,1
100514,29,208806,0,0.33,153,5,0,12368,84,6.4,0
100515,32,55555,2,0.16,120,4,0,8885,120,5.0,0
100516,41,49730,3,0.19,88,6,1,11445,360,3.9,0
100517,33,56799,1,0.22,49,3,0,10804,180,8.5,0
100518,42,20000,15,0.24,179,5,0,18319,48,6.8,0
100519,46,35643,5,0.26,117,9,2,34428,240,2.5,0
100520,46,81299,7,0.42,107,4,0,12326,120,8.3,0
100521,43,40169,3,0.08,65,4,1,15523,60,6.5,1
100522,37,51655,2,0.11,43,6,0,29164,24,3.7,0
100523,48,64138,3,0.42,109,7,0,9638,48,5.7,1
100524,37,58148,6,0.34,189,2,0,6979,36,10.8,1
100525,28,122462,1,0.08,227,6,0,27826,240,4.5,1
100526,37,20285,2,0.5,6,5,0,17452,60,6.2,0
100527,31,34857,8,0.04,162,8,2,17556,72,4.8,0
100528,27,41644,0,0.36,202,3,0,9304,72,7.8,0
100529,53,20000,5,0.18,16,5,0,2754,240,8.3,0
100530,50,84093,1,0.11,224,5,1,3276,240,5.7,0
100531,52,44184,2,0.11,144,6,0,15570,24,6.5,0
100532,31,55745,0,0.07,119,5,0,10983,36,8.9,0
100533,31,55525,6,0.28,43,4,1,41437,24,4.7,0
100534,43,20228,3,0.33,230,6,2,25058,48,10.5,0
100535,27,65034,2,0.34,136,4,0,29912,120,8.0,0
100536,27,83473,4,0.09,172,10,2,16798,24,7.4,1
100537,35,50996,0,0.5,117,2,0,19133,360,13.7,0
100538,36,70118,0,0.16,83,7,0,18902,24,9.9,1
100539,49,62240,0,0.26,97,4,0,2444,180,9.5,0
100540,37,29991,4,0.24,134,8,0,10432,48,8.9,0
100541,35,106197,0,0.26,137,2,0,27199,180,7.6,0
100542,35,118688,8,0.24,166,7,0,19151,24,9.4,1
100543,25,45125,0,0.23,76,1,1,9934,360,8.2,0
100544,54,46565,2,0.27,149,3,0,20838,240,8.5,0
100545,49,64867,4,0.23,127,8,0,6266,48,8.0,0
100546,35,40012,10,0.4,210,5,0,4467,60,9.3,0
100547,33,77589,2,0.2,62,3,0,4454,12,4.5,1
100548,26,68597,4,0.33,147,4,0,10581,72,8.2,0
100549,40,58597,2,0.36,114,4,0,24446,84,7.9,1
100550,41,35353,0,0.22,153,3,1,21571,240,7.4,1
100551,33,27769,14,0.24,95,5,0,24374,48,11.0,0
100552,56,50929,8,0.18,172,4,0,31543,180,6.6,0
100553,44,37222,5,0.25,104,7,0,10831,12,10.0,0
100554,60,31771,0,0.28,113,1,1,10433,36,5.3,0
100555,59,74071,16,0.21,202,5,1,40976,60,9.7,0
100556,50,23804,3,0.41,139,6,1,11600,180,13.9,0
100557,28,47766,3,0.07,131,6,0,41177,48,4.5,1
100558,21,46587,19,0.26,177,3,2,24092,36,13.2,0
100559,36,52837,11,0.37,15,5,0,8240,12,3.6,0
100560,50,46433,10,0.33,198,6,0,26595,24,7.3,0
100561,57,41324,3,0.17,242,2,5,53877,12,10.1,0
100562,40,85196,5,0.15,192,9,0,9519,12,7.8,1
100563,35,39225,6,0.12,193,2,0,9566,48,7.4,0
100564,49,73063,6,0.21,28,4,0,9209,60,7.3,0
100565,56,45101,14,0.19,156,2,0,14048,48,12.1,1
100566,40,95049,4,0.19,71,4,0,24890,360,5.6,0
100567,54,32425,0,0.17,140,3,0,4038,48,8.2,0
100568,56,140951,3,0.34,96,2,1,11567,180,6.0,0
100569,67,124504,1,0.24,17,4,1,19461,240,7.4,0
100570,34,97723,4,0.45,32,3,0,3828,24,7.0,0
100571,21,52766,0,0.21,41,8,0,6731,84,7.0,1
100572,45,58250,34,0.54,71,2,0,43219,60,4.8,0
100573,35,216249,5,0.15,74,3,0,46679,24,5.7,0
100574,58,48108,5,0.21,149,6,1,38250,360,5.7,0
100575,21,37052,25,0.12,56,10,1,12236,360,3.0,0
100576,36,32904,1,0.3,90,7,1,8574,60,6.1,0
100577,43,69534,1,0.14,162,5,0,2847,36,8.3,0
100578,33,87823,21,0.31,59,5,1,15029,12,5.8,1
100579,43,55426,5,0.34,59,8,0,8840,12,8.0,0
100580,64,36225,5,0.29,105,6,0,4393,36,9.3,0
100581,48,48581,15,0.17,91,3,1,4398,36,6.4,0
100582,46,87587,3,0.43,69,4,0,8787,120,9.6,0
100583,46,62697,4,0.31,83,5,0,39331,360,2.7,0
100584,35,52086,7,0.2,6,4,0,35862,360,8.1,0
100585,38,39620,1,0.19,123,9,1,36444,60,2.5,0
100586,31,51682,8,0.02,191,6,0,7895,60,11.3,1
100587,37,113388,30,0.33,104,6,0,5028,36,8.1,0
100588,46,59827,3,0.12,178,2,1,11217,240,11.0,0
100589,65,71805,0,0.28,96,8,0,11848,24,4.1,0
100590,32,22881,1,0.3,204,8,3,12234,60,8.8,0
100591,32,31423,12,0.11,193,5,2,22178,72,9.6,0
100592,26,53120,6,0.04,55,5,1,10539,60,2.5,1
100593,35,48628,5,0.16,43,11,1,8787,72,4.7,0
100594,34,21234,9,0.21,97,2,1,16502,24,7.7,0
100595,43,78090,4,0.11,118,5,0,8514,12,2.5,1
100596,35,88167,1,0.22,216,4,0,36018,180,10.4,0
100597,48,110287,5,0.15,267,6,0,6992,72,7.8,1
100598,41,57173,5,0.2,147,7,3,5222,12,2.5,0
100599,38,39233,2,0.09,118,3,1,8333,60,2.5,0
100600,39,67789,20,0.34,100,7,0,15778,84,4.1,0
100601,47,88213,17,0.15,86,0,0,16016,24,2.5,0
100602,47,41130,8,0.3,90,5,0,14770,36,2.7,0
100603,29,60805,13,0.42,285,6,2,24002,84,8.1,0
100604,58,71735,0,0.41,143,4,0,3599,36,6.2,0
100605,44,59287,9,0.11,142,8,1,4393,120,8.2,0
100606,27,34566,0,0.08,193,3,0,16359,24,4.6,1
100607,34,20000,2,0.13,178,5,0,31419,48,3.6,0
100608,32,51471,3,0.1,93,7,0,13001,48,11.7,0
100609,42,70643,2,0.08,126,7,3,50376,72,2.9,0
100610,51,51914,1,0.2,6,4,1,34468,360,8.9,0
100611,38,43403,5,0.13,142,5,0,15565,24,9.9,0
100612,60,34724,9,0.27,142,5,0,7333,120,4.5,0
100613,37,58806,10,0.32,79,6,0,8980,84,12.4,0
100614,34,156973,5,0.12,159,3,1,14820,240,7.0,0
100615,43,90109,7,0.14,149,1,0,7957,36,7.5,0
100616,61,63187,1,0.26,220,5,0,7110,120,4.9,1
100617,41,59451,15,0.28,32,6,0,18841,72,3.0,0
100618,44,84108,7,0.19,101,6,3,18783,180,4.9,0
100619,44,46386,2,0.09,93,4,0,4122,84,4.4,0
100620,27,58039,0,0.24,70,9,0,14532,24,11.9,0
100621,45,55858,8,0.11,292,1,0,18346,36,8.3,1
100622,51,68159,2,0.15,46,9,0,48927,360,5.4,0
100623,33,28754,0,0.27,107,7,0,7407,360,9.8,0
100624,61,20345,0,0.17,74,5,0,6087,48,3.4,0
100625,33,28395,2,0.24,92,3,0,4884,24,7.9,0
100626,57,20000,1,0.15,282,5,0,4504,84,5.3,1
100627,67,62415,4,0.12,126,6,2,54167,12,3.8,0
100628,47,37153,9,0.05,43,7,0,6258,36,6.0,1
100629,46,112125,10,0.42,178,6,0,10746,60,8.2,0
100630,21,33438,3,0.44,128,4,0,33942,72,9.9,1
100631,25,36004,2,0.29,104,8,5,9556,24,8.5,0
100632,59,41776,5,0.37,100,1,1,14854,24,10.5,1
100633,37,79136,0,0.16,209,4,3,87331,24,5.0,0
100634,33,70392,1,0.22,69,3,1,21857,84,2.5,0
100635,53,91226,18,0.25,120,3,0,7217,84,6.5,0
100636,21,119049,6,0.12,104,9,0,30479,84,8.4,1
100637,21,47033,7,0.14,76,6,0,6278,84,9.5,1
100638,39,28505,7,0.24,88,4,0,6068,120,6.5,0
100639,34,70677,2,0.35,104,6,0,13391,84,9.6,1
100640,36,89248,15,0.12,173,6,2,6584,360,8.0,0
100641,33,115453,8,0.43,76,3,0,28148,240,13.8,0
100642,42,108487,14,0.28,151,6,0,22907,180,6.8,0
100643,39,43487,16,0.34,107,6,0,32555,240,7.7,1
100644,22,60558,6,0.31,31,5,1,12727,180,2.5,0
100645,35,40345,1,0.17,104,7,0,27957,360,9.8,0
100646,29,63250,1,0.23,92,4,0,13019,24,7.8,0
100647,44,30127,7,0.47,144,3,2,19436,120,11.8,0
100648,44,40970,6,0.16,96,7,0,29640,60,9.5,0
100649,28,54182,1,0.34,169,4,0,3614,72,12.8,0
100650,34,31788,2,0.11,196,6,0,6138,24,9.2,0
100651,27,35096,2,0.15,136,4,0,11090,120,9.1,1
100652,32,65342,6,0.09,114,11,1,4364,48,5.1,0
100653,67,26326,7,0.24,192,4,0,20020,180,8.7,0
100654,34,62572,2,0.33,48,8,0,16864,72,7.6,1
100655,47,105721,10,0.4,117,5,0,4115,36,5.5,0
100656,26,86287,4,0.46,28,4,0,8270,36,12.4,0
100657,42,91776,0,0.19,115,4,1,21164,120,11.3,0
100658,29,32976,0,0.26,165,6,0,23058,240,6.8,0
100659,54,90883,0,0.11,138,3,0,11146,24,7.7,0
100660,46,38569,16,0.33,101,3,0,10256,240,7.3,1
100661,54,23470,4,0.16,122,6,0,22567,24,3.5,0
100662,21,86138,2,0.32,235,6,1,27659,24,4.4,1
100663,60,52235,0,0.18,168,4,1,9563,120,6.6,1
100664,38,101455,11,0.21,62,9,0,56527,48,11.1,0
100665,30,112405,2,0.14,125,4,4,4764,180,6.2,0
100666,34,20000,13,0.29,110,8,0,8534,240,8.5,0
100667,56,53684,2,0.44,233,6,1,4307,180,5.3,0
100668,32,38759,0,0.42,163,7,2,21581,72,9.7,0
100669,35,64502,12,0.18,103,5,0,8590,12,4.5,0
100670,34,105828,8,0.23,60,4,0,10890,12,8.4,0
100671,38,74959,5,0.22,39,3,1,7187,360,7.9,0
100672,28,84426,22,0.11,92,7,1,25953,48,5.3,0
100673,29,64106,1,0.56,6,8,0,7990,36,6.9,1
100674,42,79706,0,0.33,155,3,0,34639,60,7.1,0
100675,48,45543,7,0.29,209,4,0,11535,240,4.3,0
100676,28,54804,6,0.12,147,1,0,23896,180,3.6,0
100677,61,69327,5,0.21,123,4,1,31997,72,7.2,0
100678,28,31021,16,0.07,75,6,0,21368,180,4.0,0
100679,46,33153,8,0.36,116,4,1,12644,360,5.5,1
100680,43,44556,14,0.34,35,8,0,10902,48,9.1,0
100681,26,123078,5,0.25,231,5,0,18840,48,6.4,1
100682,32,26420,2,0.42,121,2,2,24387,24,8.9,0
100683,37,64595,8,0.15,85,5,0,23640,12,2.5,1
100684,21,40520,3,0.1,125,6,0,36444,120,10.4,1
100685,46,20315,1,0.24,131,6,0,11660,12,7.7,1
100686,22,71738,0,0.26,134,5,0,7360,12,9.9,1
100687,21,70743,0,0.66,6,5,0,5073,240,8.1,0
100688,53,22340,2,0.25,109,6,0,12685,12,5.8,0
100689,27,94504,2,0.26,140,5,0,48433,36,6.3,1
100690,52,75401,12,0.3,130,5,0,26966,240,8.6,0
100691,49,22854,0,0.18,167,6,0,3406,360,5.5,0
100692,43,27588,4,0.26,52,3,0,6077,36,7.2,1
100693,39,23604,7,0.19,197,1,0,98472,360,12.6,0
100694,57,100290,5,0.24,109,4,0,2010,36,8.4,0
100695,55,52068,10,0.15,112,6,1,7610,240,2.5,1
100696,40,30713,1,0.09,116,6,1,8079,36,9.4,1
100697,32,27974,1,0.4,59,10,1,11680,84,5.0,1
100698,44,97597,26,0.6,46,2,0,7694,72,3.8,0
100699,33,52866,4,0.24,188,4,1,11142,36,9.7,1
100700,44,62123,8,0.18,138,7,2,4152,240,9.1,0
100701,44,66788,6,0.1,133,4,0,8046,12,4.9,0
100702,38,42613,0,0.24,200,8,2,53938,240,8.3,0
100703,49,88709,0,0.11,106,6,1,21044,72,9.6,0
100704,37,72582,13,0.19,118,3,1,20406,360,6.2,1
100705,48,95723,0,0.15,98,4,0,16568,60,5.5,0
100706,38,39360,12,0.13,211,5,0,13040,84,5.5,1
100707,42,73495,16,0.15,118,8,0,5417,72,10.2,0
100708,51,65374,8,0.19,147,7,0,8263,36,8.6,1
100709,44,42191,11,0.26,100,5,3,14462,84,5.5,0
100710,21,67224,7,0.35,107,2,0,16455,60,4.5,0
100711,44,29274,0,0.16,91,6,0,8394,120,7.0,0
100712,36,39496,0,0.06,17,3,1,14623,180,5.8,0
100713,32,72126,7,0.07,178,10,0,35474,72,9.2,0
100714,36,20000,3,0.7,103,5,0,14103,48,5.1,0
100715,40,92901,0,0.13,192,6,0,8074,48,3.3,0
100716,34,173947,14,0.54,271,2,0,16864,12,2.5,0
100717,33,31606,5,0.23,135,6,0,29080,60,6.0,0
100718,50,102634,3,0.41,6,3,0,2527,72,11.4,1
100719,46,75283,4,0.44,137,7,0,12780,180,4.3,1
100720,50,96132,13,0.19,179,6,0,6296,48,8.9,1
100721,39,63536,14,0.17,30,2,0,17275,120,6.7,0
100722,21,69683,3,0.17,136,3,0,26549,60,11.4,0
100723,63,40789,1,0.47,146,8,0,41721,360,10.0,0
100724,52,54324,6,0.25,105,3,0,14923,36,7.8,0
100725,40,43965,1,0.32,158,3,0,39006,240,4.7,0
100726,38,60911,3,0.27,74,1,0,21223,24,4.3,0
100727,21,64639,4,0.28,166,5,0,5900,48,7.5,0
100728,38,49323,0,0.23,163,7,0,12633,240,5.2,0
100729,33,51833,3,0.06,135,6,0,10867,36,4.2,0
100730,21,54163,1,0.21,86,6,1,36210,60,6.3,0
100731,64,113298,3,0.06,85,6,1,14153,36,9.5,0
100732,25,70719,28,0.31,151,5,0,6065,48,4.2,0
100733,57,28221,17,0.32,105,2,0,27434,72,5.7,0
100734,42,97391,3,0.36,123,1,0,28604,24,2.5,0
100735,49,91869,4,0.14,54,4,1,34298,180,2.5,1
100736,32,44634,9,0.34,182,6,0,13055,84,5.6,0
100737,44,43742,1,0.09,75,6,0,12510,60,5.5,0
100738,40,29351,1,0.19,113,4,0,23253,24,5.3,1
100739,42,41498,1,0.14,202,7,0,8087,24,11.9,0
100740,38,46682,2,0.39,106,5,0,10062,12,4.6,0
100741,61,61779,23,0.1,71,7,0,2283,180,6.1,0
100742,42,28330,0,0.17,85,5,2,20291,240,5.8,0
100743,28,77742,3,0.47,75,3,0,19148,240,5.4,0
100744,27,44455,2,0.03,51,7,0,35983,72,9.5,0
100745,47,70167,14,0.16,196,4,0,7311,12,7.2,1
100746,45,53669,2,0.05,167,4,0,6333,180,11.6,1
100747,25,75865,11,0.21,99,5,1,16412,84,2.5,0
100748,24,34557,2,0.07,187,2,0,7961,240,2.5,1
100749,31,80434,3,0.23,41,8,1,12335,180,7.0,1
100750,57,50690,1,0.19,186,6,0,27429,60,7.9,0
100751,36,20783,9,0.07,210,6,0,17277,60,11.8,0
100752,35,50924,3,0.23,67,3,1,12310,12,2.5,0
100753,24,140288,5,0.16,114,1,4,92147,12,6.2,0
100754,53,52327,0,0.15,34,8,0,7075,72,7.4,0
100755,38,119234,4,0.14,106,1,0,23816,36,7.2,0
100756,42,27642,3,0.4,123,7,0,14603,180,11.0,1
100757,23,62448,2,0.39,172,9,0,9589,60,5.8,0
100758,68,83118,3,0.19,189,1,1,34973,72,11.2,0
100759,33,112176,3,0.12,158,5,0,10993,120,7.5,0
100760,34,43626,5,0.49,111,3,0,20429,120,5.1,0
100761,41,32441,2,0.22,244,2,0,8107,180,8.2,0
100762,50,138916,35,0.19,185,8,0,2329,48,8.2,1
100763,39,45121,4,0.17,160,7,0,8023,24,9.3,1
100764,33,95933,3,0.47,122,5,0,28386,180,9.2,0
100765,21,88030,0,0.11,166,4,0,7396,360,7.2,0
100766,28,61801,4,0.23,116,4,2,21927,48,4.9,0
100767,55,38257,8,0.11,110,7,1,7439,240,2.5,0
100768,52,97511,5,0.25,110,9,1,7592,12,8.4,0
100769,26,24221,2,0.23,107,5,0,8600,180,2.7,0
100770,25,28620,19,0.12,94,3,0,9397,240,5.7,0
100771,45,79106,7,0.03,137,5,0,18836,120,8.5,0
100772,37,50660,7,0.32,173,7,0,14799,360,5.4,0
100773,45,69938,1,0.14,61,2,0,13754,12,7.7,0
100774,24,30224,0,0.14,120,4,0,9252,12,10.5,0
100775,40,38117,6,0.1,75,2,2,10409,12,5.7,0
100776,34,53135,2,0.03,135,3,0,7400,60,6.9,0
100777,39,93802,7,0.05,195,3,2,11264,360,6.3,0
100778,44,44549,8,0.63,141,5,1,35179,24,2.5,1
100779,56,78935,2,0.18,81,6,1,67063,180,14.3,0
100780,40,69181,16,0.22,111,3,0,4613,240,5.9,0
100781,21,74318,5,0.09,6,5,2,12300,48,4.9,0
100782,21,84144,9,0.02,201,10,4,5134,240,10.3,0
100783,34,132434,5,0.44,132,7,0,7999,60,7.8,0
100784,54,68826,1,0.31,215,6,0,10598,240,2.5,1
100785,36,31022,1,0.16,150,7,1,25776,36,4.1,0
100786,38,35934,3,0.31,58,1,1,19164,24,7.1,0
100787,21,72062,5,0.05,131,8,0,5040,60,4.4,0
100788,31,124622,11,0.36,86,4,0,29057,240,5.8,0
100789,61,63673,0,0.31,110,5,0,16700,84,8.2,0
100790,31,65170,2,0.3,121,4,0,6744,72,9.9,0
100791,46,35718,6,0.29,136,6,0,11198,60,5.6,0
100792,60,58995,1,0.29,152,7,0,18424,120,3.7,0
100793,51,93347,5,0.31,76,6,0,17862,180,4.1,0
100794,61,24671,6,0.13,92,4,0,1882,36,7.3,0
100795,33,71274,2,0.2,144,2,2,22465,60,7.7,0
100796,40,72930,2,0.02,170,3,0,13542,48,8.7,1
100797,34,47260,9,0.44,103,1,0,26411,36,2.5,1
100798,21,43075,3,0.13,265,3,0,25748,12,2.5,1
100799,45,47565,3,0.48,164,4,0,10090,240,9.9,0
100800,48,66968,5,0.13,48,6,0,27375,180,4.0,0
100801,50,179804,16,0.24,119,3,0,7727,48,6.4,0
100802,49,36038,6,0.34,140,3,1,8064,120,3.4,1
100803,32,69645,0,0.17,107,2,0,20462,360,7.0,0
100804,46,45321,2,0.21,72,6,0,3946,24,10.2,1
100805,38,89901,5,0.35,131,5,0,17384,72,10.5,0
100806,46,46681,21,0.36,26,7,0,19239,36,7.7,1
100807,23,55575,12,0.09,113,5,0,9503,60,12.8,0
100808,40,90216,2,0.32,75,6,0,37220,240,10.9,1
100809,34,26238,1,0.07,115,4,0,26787,240,3.5,0
100810,49,39059,2,0.14,63,4,2,34821,12,5.8,1
100811,52,42308,6,0.35,63,2,0,10295,360,11.8,1
100812,57,42530,4,0.38,149,10,1,20366,24,7.0,0
100813,42,101568,24,0.15,150,4,0,22443,360,10.8,1
100814,53,40349,11,0.22,52,6,0,12052,72,7.8,0
100815,50,68516,2,0.42,113,7,0,35770,240,7.4,0
100816,55,56130,14,0.15,125,5,0,6445,36,12.7,0
100817,41,28117,9,0.37,187,9,0,15392,84,5.6,0
100818,26,30735,4,0.14,129,4,0,14022,12,2.5,0
100819,45,70956,12,0.17,132,4,0,9500,36,5.4,0
100820,46,46415,4,0.21,124,3,1,8405,84,8.2,1
100821,32,32963,8,0.24,159,6,0,13776,240,6.3,0
100822,30,52730,13,0.31,125,10,0,7552,24,9.8,0
100823,53,40253,11,0.04,215,6,0,36162,36,8.4,1
100824,42,53773,3,0.21,147,5,1,4650,48,10.0,0
100825,21,44035,2,0.3,116,11,0,18159,24,5.7,0
100826,34,59979,8,0.23,149,8,0,17188,36,6.3,0
100827,36,65160,1,0.4,90,4,0,9110,120,6.7,0
100828,43,111714,5,0.45,244,5,0,6019,48,11.2,0
100829,29,89034,2,0.16,140,7,0,17752,120,8.9,0
100830,44,30134,8,0.23,153,5,0,48790,180,2.5,0
100831,33,55904,5,0.17,150,2,0,14179,84,2.5,0
100832,52,40985,2,0.17,170,6,2,16097,36,5.2,0
100833,30,79199,2,0.19,169,9,0,25557,36,8.0,1
100834,33,76113,2,0.24,132,2,2,11194,240,7.3,0
100835,51,92382,19,0.31,66,6,0,23003,72,7.9,1
100836,33,50936,0,0.19,142,7,0,18686,36,10.5,0
100837,33,157556,2,0.17,155,4,0,7314,24,5.5,0
100838,34,67096,2,0.24,181,2,1,11953,36,10.2,0
100839,40,42415,15,0.25,127,7,0,36297,360,10.6,1
100840,71,44226,3,0.11,56,4,0,7499,180,8.9,0
100841,47,78376,8,0.44,86,6,0,7291,360,9.9,0
100842,50,46230,1,0.38,37,5,0,11267,12,7.6,0
100843,31,56291,0,0.31,225,8,0,39437,360,7.9,0
100844,35,58681,3,0.4,117,4,0,38664,12,9.8,0
100845,21,100231,3,0.07,6,6,1,47590,12,3.5,1
100846,47,30552,10,0.28,118,7,1,22906,24,4.6,0
100847,34,107347,24,0.52,181,5,0,23757,240,8.7,0
100848,68,91273,0,0.02,117,2,1,7097,72,10.4,1
100849,44,49087,32,0.16,220,6,0,4717,48,2.5,1
100850,23,54515,3,0.14,124,5,0,7381,60,11.4,1
100851,31,93818,3,0.09,139,6,0,21483,72,4.7,1
100852,37,98494,5,0.1,124,7,0,15938,60,9.3,0
100853,45,58983,8,0.3,25,8,0,43486,12,3.6,0
100854,60,60892,2,0.31,136,3,0,5931,24,2.6,0
100855,29,20000,0,0.15,49,6,0,14796,36,11.4,1
100856,37,54417,2,0.5,189,6,0,21900,240,9.9,0
100857,45,68975,11,0.36,169,7,0,7224,72,4.8,0
100858,31,40764,16,0.36,70,6,0,12121,24,3.8,1
100859,55,52916,1,0.02,65,5,0,33187,72,6.9,0
100860,50,35126,4,0.11,154,6,0,13912,360,2.5,1
100861,49,46266,18,0.21,137,6,0,33688,60,8.2,0
100862,39,74387,4,0.39,44,5,1,14669,12,3.6,0
100863,41,50058,3,0.45,150,3,1,30730,72,6.0,0
100864,29,73825,3,0.03,65,4,0,9271,72,4.3,0
100865,34,47093,3,0.06,150,9,0,4500,84,6.6,1
100866,38,80105,1,0.2,53,4,0,4012,12,4.2,0
100867,52,70161,1,0.44,88,6,2,18644,360,11.2,0
100868,35,52094,27,0.47,94,8,0,21472,240,7.2,0
100869,44,42749,0,0.22,152,4,1,41000,12,8.9,0
100870,37,39979,5,0.14,122,8,0,23347,240,6.4,0
100871,24,50476,0,0.28,190,5,0,9476,12,10.2,0
100872,36,207732,0,0.24,188,8,0,4339,48,5.5,0
100873,46,93355,5,0.06,67,3,0,8107,60,8.4,1
100874,30,29729,6,0.18,82,3,0,11584,180,4.6,0
100875,40,45219,7,0.32,149,7,0,28350,360,4.6,0
100876,48,89054,2,0.39,109,11,2,49316,240,6.0,0
100877,33,97618,18,0.23,128,4,0,23988,120,2.9,1
100878,21,36964,6,0.26,185,3,0,2924,48,4.1,0
100879,54,43281,23,0.37,84,4,0,1929,24,4.4,0
100880,43,30340,4,0.18,82,9,0,45904,120,6.2,0
100881,29,80449,3,0.14,163,3,0,63184,60,3.4,1
100882,37,127163,0,0.12,186,7,0,11380,84,8.3,0
100883,49,45302,0,0.16,207,7,1,6090,48,13.1,0
100884,33,69590,2,0.25,85,4,0,15900,180,3.7,1
100885,24,43166,6,0.12,108,2,4,12388,180,8.7,0
100886,32,72426,2,0.32,36,10,0,4424,120,6.5,0
100887,42,38021,1,0.54,66,4,0,18131,360,10.6,0
100888,35,31557,2,0.18,245,3,0,13720,48,10.0,0
100889,51,45137,3,0.2,72,3,0,7364,60,9.4,0
100890,21,48239,8,0.23,184,1,0,20548,12,10.2,1
100891,43,65282,15,0.28,72,4,1,10964,120,12.6,1
100892,52,20763,16,0.17,224,4,0,7984,84,9.7,0
100893,37,25481,0,0.03,135,2,1,13724,360,10.5,0
100894,21,52108,10,0.22,150,6,0,33686,24,2.5,0
100895,26,47873,22,0.4,39,4,1,11189,36,9.0,0
100896,26,31439,9,0.24,62,3,0,11463,48,10.5,0
100897,59,140777,1,0.34,150,6,0,15930,84,13.6,1
100898,59,32742,20,0.08,98,5,1,18406,24,11.3,0
100899,30,38175,0,0.07,116,5,0,3332,48,5.4,1
100900,44,65330,25,0.17,228,4,0,17876,36,7.1,1
100901,54,60310,6,0.09,192,7,0,17901,72,5.0,1
100902,71,55888,5,0.23,91,4,0,14818,36,5.0,0
100903,24,62261,0,0.33,177,5,0,13877,36,9.3,0
100904,25,85897,1,0.44,7,4,1,17905,120,5.8,0
100905,27,43287,3,0.23,69,3,0,35593,48,5.0,0
100906,40,23783,0,0.06,161,9,0,21207,240,6.7,0
100907,43,96901,1,0.14,157,3,0,8216,12,8.3,0
100908,45,71581,2,0.39,127,4,1,30275,36,7.9,1
100909,61,61377,15,0.19,28,9,0,19140,120,5.0,1
100910,41,70070,0,0.15,131,3,2,23927,180,5.3,0
100911,26,49355,12,0.4,140,1,0,19567,36,8.9,1
100912,50,47482,0,0.11,68,2,0,6889,84,8.3,0
100913,54,49840,4,0.24,97,6,0,23542,36,7.9,0
100914,54,29540,1,0.2,89,2,1,6097,48,2.5,0
100915,29,38362,1,0.06,155,3,0,9100,48,7.8,1
100916,44,31150,6,0.07,49,3,0,8805,72,5.9,0
100917,21,21443,6,0.35,131,4,0,19327,240,8.8,0
100918,62,35454,1,0.23,110,5,0,6939,360,6.9,1
100919,60,27749,15,0.51,162,4,0,20749,36,6.6,0
100920,56,105249,1,0.33,282,2,1,2912,60,4.1,0
100921,44,45130,1,0.07,32,8,0,15500,84,7.7,0
100922,33,25819,6,0.3,166,6,1,17787,240,12.1,0
100923,35,81632,2,0.42,107,7,0,14270,360,9.2,0
100924,35,160048,0,0.08,161,5,1,9366,360,7.2,0
100925,33,35965,0,0.12,249,8,1,2389,240,6.1,1
100926,59,55217,1,0.11,96,5,0,16706,48,5.9,0
100927,57,20000,21,0.27,87,8,0,19815,12,8.5,0
100928,46,63010,0,0.33,109,8,0,23517,24,7.0,0
100929,44,161684,7,0.31,233,3,0,9335,360,7.6,0
100930,42,46979,9,0.22,147,4,0,16099,120,9.9,0
100931,39,124458,8,0.04,6,7,0,12770,72,7.1,1
100932,39,61555,18,0.06,99,6,0,24963,36,11.4,0
100933,46,46572,10,0.39,159,5,0,36361,12,9.5,1
100934,33,126532,13,0.19,232,3,0,19640,36,10.6,1
100935,48,41272,3,0.09,124,10,4,18860,84,8.4,0
100936,42,38299,11,0.43,169,5,0,4876,12,5.0,0
100937,26,53969,19,0.3,125,8,0,17846,120,10.0,0
100938,46,31224,1,0.22,97,4,1,25445,24,10.2,0
100939,47,71066,1,0.21,6,6,1,15775,72,8.2,0
100940,21,86927,9,0.12,147,7,0,14008,72,2.5,1
100941,39,72327,4,0.24,103,6,1,3891,60,8.9,0
100942,44,30081,1,0.19,112,4,0,4544,12,8.2,0
100943,29,100576,6,0.1,100,4,0,20138,60,5.9,1
100944,50,36880,21,0.22,124,8,0,53607,72,4.1,0
100945,44,129721,1,0.26,160,9,1,6059,48,9.5,1
100946,35,20000,8,0.53,130,7,1,22420,36,6.7,0
100947,59,26319,13,0.13,227,7,0,12484,24,3.4,0
100948,32,124103,4,0.16,151,5,0,14385,60,7.0,0
100949,28,74822,0,0.28,170,2,0,34559,12,4.9,0
100950,38,80183,1,0.3,269,8,0,16512,240,6.2,1
100951,27,67096,4,0.16,126,6,0,9258,36,12.7,0
100952,53,43279,2,0.42,32,1,0,19068,72,10.5,0
100953,54,45948,7,0.09,161,6,0,40875,180,5.0,0
100954,26,82662,5,0.09,116,4,0,17225,24,7.8,0
100955,39,26756,4,0.01,98,5,0,21103,180,9.5,0
100956,21,29790,4,0.41,12,10,0,5650,180,2.9,0
100957,35,27653,7,0.37,155,4,1,2484,360,8.3,0
100958,30,60855,5,0.34,134,3,0,24450,36,4.4,0
100959,52,40948,0,0.27,122,3,3,15506,60,5.6,0
100960,52,37948,15,0.4,121,7,0,22177,360,4.3,0
100961,34,31320,13,0.1,141,2,0,4998,84,5.2,1
100962,34,45506,2,0.31,28,5,1,43952,240,5.6,0
100963,42,24184,1,0.17,6,10,0,8654,180,7.9,0
100964,37,49327,4,0.45,167,4,0,20725,120,7.9,0
100965,33,30656,12,0.22,38,5,2,25218,12,4.5,0
100966,50,39874,13,0.12,53,3,1,8602,24,8.9,0
100967,40,33271,33,0.26,179,5,1,23044,48,2.7,0
100968,49,43661,5,0.28,111,7,0,11042,60,7.3,0
100969,47,53748,13,0.12,107,4,0,17093,12,5.1,0
100970,26,28431,13,0.05,191,3,0,5782,360,7.4,1
100971,65,32359,8,0.2,40,3,0,9665,120,9.4,1
100972,50,55125,0,0.16,78,8,0,50438,24,10.1,1
100973,26,39770,6,0.12,125,3,0,26569,240,2.5,0
100974,42,38945,0,0.1,115,8,1,65948,48,2.5,0
100975,50,48582,7,0.13,151,3,0,10971,240,6.6,1
100976,50,53437,4,0.18,146,5,0,36601,240,4.1,0
100977,35,73403,6,0.55,33,5,0,11785,24,8.9,0
100978,43,24462,1,0.2,86,7,0,5866,120,6.9,0
100979,47,93938,5,0.18,180,9,0,9630,12,7.2,0
100980,30,35321,10,0.4,170,8,1,29755,48,5.7,0
100981,23,77840,11,0.01,165,5,0,15031,84,8.1,0
100982,54,38297,1,0.29,109,5,1,21126,120,8.7,0
100983,48,30785,14,0.05,138,10,0,13478,72,9.1,1
100984,51,55128,4,0.25,143,5,1,29934,12,5.4,0
100985,34,98853,4,0.16,130,3,0,8002,72,3.8,0
100986,25,65484,16,0.16,63,8,0,33642,240,2.5,1
100987,51,66816,2,0.35,144,4,1,10894,240,7.3,0
100988,42,80562,5,0.32,94,8,1,29238,120,13.7,0
100989,61,30293,11,0.36,55,6,0,4430,240,3.7,0
100990,48,81778,11,0.14,188,5,0,9029,48,6.5,0
100991,59,84425,0,0.33,90,5,0,23070,60,8.9,1
100992,47,40411,13,0.46,76,2,0,3489,180,6.1,0
100993,21,53406,8,0.3,119,4,0,22357,12,13.5,0
100994,31,45884,4,0.37,220,5,3,7269,48,11.2,0
100995,46,47120,3,0.47,128,4,0,8863,48,4.5,0
100996,59,39950,8,0.16,112,7,1,17798,240,3.8,0
100997,58,35770,0,0.26,175,5,0,13373,24,6.2,1
100998,34,48954,14,0.16,137,5,1,37052,84,5.6,0
100999,58,101811,2,0.38,20,4,2,12572,60,7.2,0
101000,44,41460,10,0.21,54,3,0,6590,240,14.6,0
101001,51,133138,11,0.08,168,4,0,15962,360,9.5,0
101002,37,114913,13,0.02,24,3,1,31376,48,6.7,1
101003,26,158703,4,0.07,131,2,0,12443,84,9.8,0
101004,52,137651,0,0.21,125,3,0,22287,240,5.8,0
101005,31,103691,1,0.09,66,7,0,16150,60,4.7,0
101006,44,38596,12,0.25,198,8,0,5346,48,7.5,0
101007,56,51659,3,0.12,101,4,0,3569,48,9.3,1
101008,34,56958,2,0.12,147,9,0,6976,36,12.2,0
101009,37,77494,4,0.34,6,6,0,4433,24,7.5,1
101010,31,69186,2,0.25,53,5,1,30038,48,6.0,1
101011,35,50941,7,0.28,177,6,0,8299,240,14.3,0
101012,39,67983,1,0.52,166,4,0,30622,24,12.5,0
101013,44,64802,10,0.23,205,6,0,4044,24,6.6,1
101014,44,52082,17,0.24,153,8,0,10871,60,8.7,0
101015,37,43364,2,0.45,219,4,0,30034,60,5.9,0
101016,52,41177,13,0.21,21,5,0,10914,84,4.6,1
101017,26,94335,11,0.15,73,9,0,23165,72,2.7,0
101018,69,71388,4,0.27,8,6,0,10166,120,5.3,1
101019,53,76152,5,0.42,31,2,1,20857,60,7.4,0
101020,31,77977,5,0.36,211,8,1,8946,60,4.5,0
101021,24,131447,1,0.38,186,3,0,8715,36,6.3,0
101022,21,102044,0,0.19,94,4,0,33243,36,6.1,0
101023,41,47066,0,0.04,134,6,0,27644,48,4.5,0
101024,34,50115,2,0.19,120,6,1,23567,36,9.8,0
101025,34,46133,3,0.08,150,3,2,17050,360,10.2,0
101026,30,30673,18,0.39,237,5,0,29728,84,6.0,0
101027,53,51237,15,0.12,100,5,1,23164,72,8.9,0
101028,37,119184,0,0.12,147,4,0,5279,360,8.3,0
101029,55,69400,8,0.09,54,4,1,5517,120,2.5,0
101030,22,68573,9,0.29,133,9,1,7183,60,5.9,0
101031,64,42160,10,0.17,49,2,0,18563,180,4.1,1
101032,26,39633,2,0.32,157,3,0,20335,84,11.4,1
101033,32,116353,0,0.16,97,7,0,3789,240,6.8,0
101034,50,38113,12,0.13,206,3,0,12102,60,4.5,0
101035,50,55505,0,0.05,127,6,0,16557,72,9.4,0
101036,51,45452,8,0.18,33,3,1,28571,24,7.9,0
101037,25,34815,4,0.1,131,4,1,10062,180,9.4,1
101038,21,40928,7,0.17,28,6,1,21624,48,4.6,1
101039,42,41046,20,0.11,37,5,1,11352,24,9.2,0
101040,50,84162,1,0.42,96,0,1,19485,180,6.0,0
101041,55,38923,1,0.16,130,4,0,19220,360,10.2,1
101042,43,43330,1,0.35,185,9,0,21077,60,12.6,0
101043,44,48155,0,0.08,171,2,0,5854,60,6.4,1
101044,42,43102,23,0.51,55,4,0,13460,60,6.9,0
101045,45,42623,5,0.35,6,8,0,33150,84,8.5,1
101046,42,64140,2,0.35,116,11,0,4918,120,8.6,0
101047,34,60550,6,0.07,103,4,1,13303,240,7.4,0
101048,54,77178,14,0.12,105,6,0,7404,180,7.9,1
101049,29,21329,1,0.09,99,2,1,6911,120,2.5,0
101050,28,43881,1,0.16,70,1,0,25877,60,11.8,0
101051,48,61381,7,0.19,6,3,0,9550,72,2.5,0
101052,45,42213,0,0.04,83,2,1,18114,240,6.6,0
101053,40,49572,4,0.46,41,3,0,35942,180,3.0,1
101054,41,75313,34,0.16,220,5,1,14208,72,9.7,0
101055,61,102538,1,0.34,184,1,1,18325,240,6.6,0
101056,39,34809,5,0.28,189,5,0,6587,84,2.8,0
101057,32,59262,6,0.36,159,4,2,26020,48,2.5,0
101058,50,57392,0,0.39,265,5,0,10735,60,12.7,0
101059,47,102494,19,0.23,119,2,2,9685,36,6.3,0
101060,43,66280,7,0.31,68,6,1,4605,36,8.6,1
101061,33,132573,7,0.21,109,3,1,35023,36,5.7,0
101062,27,81903,2,0.09,113,4,0,10513,120,4.1,0
101063,53,59655,5,0.18,189,4,1,28036,36,7.9,0
101064,50,38696,0,0.23,72,6,0,12873,120,12.0,0
101065,30,85741,1,0.15,6,8,0,4045,84,8.8,1
101066,60,91064,9,0.04,212,4,1,43722,12,9.6,0
101067,42,135605,1,0.56,86,3,1,43735,180,9.2,0
101068,30,31763,7,0.07,51,4,2,45393,48,6.0,0
101069,34,35305,11,0.12,94,6,1,25632,12,9.5,0
101070,39,40922,12,0.05,144,4,1,15739,60,9.5,1
101071,47,49325,3,0.23,162,4,1,22300,72,3.0,0
101072,27,33079,0,0.23,218,4,0,39454,60,10.7,0
101073,21,62266,2,0.08,53,5,0,6817,360,6.6,1
101074,62,48881,9,0.2,94,5,0,11697,240,4.8,1
101075,30,63841,2,0.04,88,5,0,15243,36,4.7,0
101076,21,74591,1,0.49,6,2,0,59444,84,7.3,0
101077,49,62542,14,0.12,132,5,2,18123,12,4.5,0
101078,41,52476,3,0.19,64,9,0,14345,120,2.5,0
101079,35,126902,2,0.17,153,1,0,17440,12,8.5,0
101080,32,68213,1,0.09,114,4,0,7102,60,7.9,0
101081,55,47294,2,0.16,79,4,0,15579,60,11.3,0
101082,34,46735,3,0.45,169,4,1,9472,72,7.9,0
101083,56,67112,15,0.22,86,6,1,13867,60,3.3,0
101084,34,40268,9,0.18,118,2,0,8450,180,4.3,0
101085,30,32432,1,0.17,131,6,2,25779,180,7.1,0
101086,41,88150,17,0.49,104,6,0,24337,180,11.6,0
101087,37,63265,1,0.08,145,10,1,19540,36,10.7,0
101088,23,70561,5,0.36,76,5,0,19023,72,7.5,0
101089,41,61558,6,0.42,71,3,1,39757,60,11.6,0
101090,53,40765,3,0.07,116,4,0,37423,12,5.3,1
101091,41,34133,5,0.12,268,10,1,28349,60,4.4,0
101092,21,107142,8,0.3,240,6,0,12260,120,4.5,0
101093,28,113363,3,0.2,81,4,0,3558,72,2.5,0
101094,39,72226,5,0.28,204,7,0,18668,120,6.0,0
101095,30,27992,16,0.19,36,7,1,29646,84,4.8,0
101096,35,26413,0,0.2,51,5,0,8115,60,6.0,0
101097,48,28330,0,0.34,126,0,1,15040,12,8.5,0
101098,21,20000,1,0.17,138,6,0,17273,60,7.8,0
101099,48,49530,0,0.24,6,3,1,12139,48,6.3,1
101100,56,22424,5,0.02,80,3,0,11261,84,7.5,0
101101,30,27674,9,0.4,65,6,1,13592,240,3.5,0
101102,56,79175,14,0.17,6,9,0,39380,240,2.5,1
101103,31,133167,3,0.17,159,6,0,14616,180,6.4,0
101104,62,98764,16,0.35,100,5,0,10314,24,8.5,0
101105,29,39365,17,0.31,157,5,0,19760,60,3.8,1
101106,21,52992,0,0.15,127,2,0,8134,60,15.4,1
101107,49,33070,1,0.11,101,7,0,12048,180,2.5,0
101108,32,43270,12,0.16,60,4,0,23412,24,4.5,0
101109,43,76548,2,0.28,61,9,0,8349,60,2.5,0
101110,33,30891,4,0.13,189,6,0,6590,120,3.3,0
101111,46,45530,4,0.47,61,2,0,15142,360,6.8,0
101112,45,97010,1,0.58,214,8,0,21840,24,6.5,0
101113,31,48381,16,0.11,148,4,0,14732,36,2.5,0
101114,36,40971,15,0.3,175,4,0,8324,360,5.9,1
101115,32,106136,7,0.19,66,5,1,23676,84,8.5,1
101116,37,102114,11,0.15,248,3,0,8372,120,4.3,1
101117,35,77846,6,0.38,183,3,0,20258,180,10.6,0
101118,60,40760,3,0.49,100,6,1,6240,84,11.2,0
101119,53,51492,4,0.48,69,5,0,14732,60,5.8,0
101120,25,35999,7,0.24,117,3,0,7879,240,6.2,0
101121,57,128936,11,0.33,104,10,0,24005,60,9.2,0
101122,47,60652,3,0.09,139,6,1,12896,24,5.4,1
101123,23,104380,5,0.14,253,7,0,3988,120,9.5,1
101124,35,42112,9,0.3,83,7,2,14221,48,12.3,0
101125,36,73552,3,0.34,132,5,1,7783,240,6.7,0
101126,36,71773,1,0.31,180,8,0,12453,48,8.8,0
101127,30,24031,2,0.22,106,5,0,64196,120,6.3,0
101128,36,42364,2,0.21,115,3,0,5755,120,4.3,0
101129,41,53481,4,0.46,129,5,0,19139,36,8.6,0
101130,42,104178,4,0.28,88,4,0,18199,24,6.4,1
101131,38,20000,1,0.15,237,4,0,7447,36,6.8,0
101132,46,35050,1,0.12,168,5,0,14227,36,11.1,0
101133,35,58281,8,0.16,162,6,1,36108,36,15.5,0
101134,34,50702,9,0.19,124,5,0,9615,36,6.4,1
101135,21,26229,0,0.23,102,4,1,4113,24,9.4,0
101136,31,40330,0,0.1,103,7,0,44816,12,11.7,0
101137,34,23080,2,0.21,112,10,0,22981,240,8.7,0
101138,61,50830,4,0.16,41,6,0,77781,48,4.9,0
101139,44,59688,11,0.27,145,8,0,62334,24,6.9,0
101140,44,33826,1,0.06,248,9,0,6448,120,4.3,1
101141,64,41219,11,0.17,181,2,0,16486,72,8.2,0
101142,21,41855,4,0.23,51,4,2,36622,84,9.5,0
101143,39,52000,3,0.07,109,7,0,15645,60,6.6,0
101144,25,50488,23,0.33,84,2,3,29982,36,9.3,0
101145,46,46283,1,0.57,83,3,1,5300,12,5.0,0
101146,44,71337,1,0.26,165,7,1,23338,60,9.8,0
101147,41,48954,2,0.37,212,9,2,12938,36,6.1,0
101148,22,235412,7,0.18,161,3,1,22034,180,2.5,1
101149,42,91602,3,0.02,65,10,0,44796,60,6.4,1
101150,39,36944,6,0.09,102,5,0,8807,360,2.5,0
101151,34,93393,8,0.22,161,3,0,24210,60,5.4,0
101152,51,73063,2,0.3,21,4,0,36317,180,17.1,0
101153,30,90806,0,0.12,122,4,1,79374,360,6.8,0
101154,38,94342,10,0.08,140,6,0,24311,360,11.0,0
101155,53,64660,2,0.47,94,3,0,5538,36,6.0,1
101156,49,23567,10,0.5,184,7,0,7672,36,5.8,1
101157,30,71130,0,0.08,368,3,0,7508,240,9.9,0
101158,49,90116,0,0.18,233,3,1,16093,36,9.4,0
101159,48,89208,14,0.22,189,5,0,211003,72,6.9,1
101160,52,56806,1,0.35,137,6,0,23773,12,10.8,0
101161,48,26258,2,0.13,111,5,2,23817,120,8.3,0
101162,21,76496,9,0.52,189,3,0,30395,72,4.2,0
101163,47,55443,0,0.27,155,6,0,13181,24,4.8,0
101164,34,38106,1,0.27,124,5,1,10183,12,4.4,1
101165,42,44560,3,0.2,83,7,0,15107,60,6.4,0
101166,23,116377,8,0.19,135,4,1,15680,72,11.1,0
101167,42,49601,2,0.05,108,3,0,22627,60,8.2,0
101168,27,55011,27,0.21,140,8,0,4720,72,8.5,0
101169,33,43261,1,0.39,83,3,0,21985,48,7.2,0
101170,44,20000,3,0.25,160,5,0,24164,120,8.5,0
101171,35,39545,7,0.1,122,12,0,50645,240,7.5,0
101172,51,60912,16,0.2,140,5,0,5946,48,6.0,0
101173,30,73787,1,0.18,111,3,2,21443,36,6.7,0
101174,45,68638,6,0.54,162,6,1,13097,72,5.1,0
101175,41,75155,9,0.37,43,1,1,2031,36,11.0,0
101176,35,57306,2,0.59,282,4,0,12070,12,6.7,0
101177,35,76653,2,0.31,151,7,0,24526,24,7.5,1
101178,34,32911,8,0.08,183,8,2,19451,360,4.0,0
101179,35,44327,23,0.08,148,3,0,22178,360,8.8,1
101180,28,47687,4,0.19,98,5,0,7886,72,8.4,0
101181,46,83624,6,0.21,51,9,0,11652,120,9.8,0
101182,32,38821,4,0.25,161,4,0,5757,36,6.4,0
101183,33,79605,3,0.28,192,4,0,9061,12,7.3,0
101184,36,83599,2,0.26,68,6,1,43825,60,5.7,0
101185,65,148222,9,0.2,42,5,0,15855,180,7.9,0
101186,48,61040,2,0.44,73,11,0,29970,240,6.6,0
101187,63,33277,1,0.08,49,4,0,27248,24,3.0,0
101188,51,98718,3,0.2,164,6,0,5764,24,2.5,0
101189,45,102913,1,0.28,27,5,1,5257,120,2.5,0
101190,31,59757,0,0.5,31,2,0,4984,48,6.0,0
101191,66,71567,6,0.07,79,4,0,12349,36,4.3,1
101192,53,39812,0,0.37,181,6,3,10577,12,7.9,0
101193,53,148874,1,0.2,139,8,0,13907,12,6.7,0
101194,54,26629,3,0.2,112,6,2,6540,360,12.9,0
101195,35,62691,9,0.22,169,4,0,35482,12,4.8,0
101196,39,56368,2,0.32,162,3,1,2781,48,12.4,0
101197,33,36395,9,0.24,58,6,0,7759,180,5.3,0
101198,28,98469,3,0.21,60,7,0,17359,12,8.5,1
101199,34,23583,3,0.09,161,14,0,7309,180,2.5,0
101200,47,88642,5,0.21,78,6,0,49781,360,5.9,1
101201,52,57525,8,0.11,175,4,0,15068,60,10.7,0
101202,32,50623,10,0.36,215,2,0,8418,120,6.3,0
101203,36,50449,2,0.19,97,3,2,7410,48,7.4,0
101204,31,26625,3,0.22,213,6,1,14626,360,5.0,1
101205,42,43163,4,0.3,118,2,0,16851,120,15.8,0
101206,42,118669,1,0.2,85,3,0,18672,360,7.1,0
101207,32,33464,4,0.5,92,6,0,15853,240,7.6,0
101208,53,33477,0,0.01,158,5,1,13795,36,2.5,1
101209,38,45633,7,0.19,128,3,0,8643,24,6.1,0
101210,37,91295,4,0.08,169,7,0,29055,240,5.0,0
101211,51,111367,17,0.16,172,3,0,18914,72,7.4,1
101212,28,35982,11,0.32,208,7,0,11936,72,6.0,0
101213,46,41217,2,0.51,180,9,0,23700,36,11.8,0
101214,39,95306,17,0.24,137,7,0,8966,84,5.5,0
101215,62,22396,1,0.34,94,3,0,21419,72,11.4,0
101216,30,42049,4,0.07,49,3,0,10153,180,7.6,0
101217,60,35874,3,0.31,223,11,1,5319,48,3.8,0
101218,40,52352,17,0.04,33,3,0,15246,48,6.8,0
101219,24,115898,0,0.43,195,10,0,22176,84,6.0,0
101220,21,66885,5,0.22,159,4,0,11336,60,4.9,0
101221,49,26254,1,0.28,79,3,0,5056,120,8.8,0
101222,43,43180,2,0.25,169,6,0,16213,240,5.2,0
101223,46,105993,1,0.36,162,5,1,51186,60,4.6,0
101224,34,31905,2,0.36,149,4,0,14088,12,4.5,0
101225,38,85498,17,0.5,257,4,0,23716,12,9.1,0
101226,43,58964,0,0.57,156,10,1,44332,12,2.5,0
101227,44,62421,7,0.12,230,7,0,6832,48,10.7,0
101228,23,74297,21,0.38,204,2,0,10125,360,4.4,1
101229,59,60124,1,0.06,212,4,0,22985,60,4.6,1
101230,51,35290,5,0.16,30,4,3,23206,360,10.3,0
101231,45,41572,8,0.28,211,6,0,17285,60,3.0,0
101232,43,29907,0,0.29,55,4,0,4938,48,8.0,0
101233,28,135838,19,0.45,103,4,2,33600,36,2.5,0
101234,38,34144,0,0.05,189,6,0,5050,60,10.6,0
101235,67,63683,7,0.2,139,6,1,11755,72,12.5,0
101236,30,77480,9,0.13,101,7,0,14707,48,8.9,0
101237,52,36420,4,0.56,209,2,0,23398,60,6.6,0
101238,39,116161,1,0.28,145,3,0,6726,60,6.8,0
101239,47,39791,1,0.28,123,5,2,9695,360,5.8,0
101240,21,86155,16,0.22,190,7,0,8253,24,6.1,1
101241,38,28314,3,0.6,208,3,3,12768,360,6.6,0
101242,25,39242,1,0.33,121,5,1,37505,36,10.0,0
101243,67,79198,0,0.06,102,6,0,10911,36,7.2,1
101244,28,41115,6,0.08,105,2,0,33637,60,8.5,0
101245,37,39520,5,0.11,162,4,0,14255,36,3.7,0
101246,25,92482,3,0.25,158,5,0,3500,180,10.3,0
101247,52,60942,0,0.4,154,8,0,11477,180,12.7,0
101248,43,62515,13,0.11,167,6,0,21011,360,13.4,0
101249,33,40942,5,0.18,113,11,1,14708,12,10.7,0
101250,35,53136,3,0.08,158,4,4,14652,48,10.2,0
101251,30,73223,8,0.49,173,3,0,31957,48,4.7,0
101252,26,22325,3,0.13,178,5,0,9481,120,9.4,1
101253,34,99299,7,0.04,55,5,0,13402,48,4.1,0
101254,36,50540,1,0.54,129,8,1,5669,12,7.9,0
101255,42,20000,11,0.26,91,6,0,11877,12,9.2,0
101256,40,46636,2,0.46,181,6,0,14220,120,7.6,1
101257,39,26328,2,0.42,188,4,1,10780,60,13.0,0
101258,40,31108,2,0.12,146,6,0,17782,12,7.0,0
101259,58,27762,4,0.05,231,3,0,3953,12,2.5,1
101260,47,74383,3,0.09,34,6,0,13679,120,3.7,0
101261,47,55083,3,0.12,76,5,0,6097,180,9.5,0
101262,46,116812,0,0.15,57,5,0,31960,36,8.5,1
101263,34,49851,2,0.55,220,5,0,23221,120,6.8,0
101264,44,45092,1,0.07,203,6,0,20209,72,4.2,0
101265,26,99124,2,0.25,162,7,0,17584,360,6.6,1
101266,42,124058,3,0.11,63,5,1,5991,120,2.9,0
101267,44,89644,8,0.36,100,5,1,7581,48,5.6,0
101268,48,48687,10,0.1,103,5,0,18910,360,8.1,0
101269,74,132113,10,0.14,102,4,1,61969,72,5.3,0
101270,21,71539,2,0.13,81,6,0,2272,72,3.3,1
101271,27,92663,15,0.07,83,6,0,7982,84,10.2,1
101272,27,72226,9,0.24,233,4,0,10824,12,6.1,0
101273,56,50336,5,0.14,183,8,2,37749,84,7.4,0
101274,21,24208,10,0.14,55,3,0,38896,180,5.6,0
101275,43,120468,2,0.19,214,6,0,9378,120,6.1,0
101276,31,67670,5,0.46,146,4,0,4704,120,5.8,0
101277,39,32377,3,0.21,192,5,0,17838,36,8.7,1
101278,26,41601,4,0.2,48,4,0,13819,24,4.0,0
101279,29,37665,1,0.36,135,7,0,17932,24,6.6,1
101280,59,35753,13,0.15,242,5,0,16727,48,9.9,0
101281,56,95138,2,0.23,92,4,0,32623,24,4.1,1
101282,34,51035,3,0.25,158,7,2,11816,24,9.8,0
101283,55,160154,12,0.14,167,6,0,6318,120,7.4,0
101284,53,37216,3,0.11,95,7,0,22404,240,9.4,0
101285,38,52397,20,0.41,135,4,0,48545,360,7.0,0
101286,52,64201,9,0.29,208,2,0,12849,24,6.4,1
101287,46,99271,8,0.15,121,6,1,11651,48,10.0,0
101288,36,64901,26,0.35,179,3,0,12783,72,7.4,1
101289,38,20000,6,0.22,201,5,0,13913,72,3.1,1
101290,21,44945,0,0.07,53,8,0,5929,180,4.8,0
101291,30,27802,1,0.42,39,3,0,11010,48,6.3,0
101292,61,41963,6,0.03,192,7,0,84546,84,6.0,1
101293,49,43709,4,0.06,46,6,0,47069,36,7.6,0
101294,36,61198,2,0.33,37,6,0,28343,360,6.8,1
101295,24,100809,1,0.42,114,5,1,32245,72,8.8,0
101296,57,45237,9,0.17,93,5,1,11557,36,4.9,0
101297,35,65632,7,0.37,41,4,1,13776,60,4.3,0
101298,35,42189,5,0.06,104,4,0,4113,180,8.0,0
101299,28,38626,6,0.34,248,3,1,30208,60,7.8,0
101300,28,57760,9,0.25,124,3,0,3557,360,11.4,0
101301,29,70412,1,0.24,87,5,0,3542,84,6.5,0
101302,63,54655,3,0.09,107,9,1,16141,360,8.8,0
101303,38,55882,9,0.25,74,7,0,15439,36,11.4,1
101304,42,66047,15,0.08,161,7,0,15098,48,5.8,1
101305,55,59927,10,0.32,54,4,0,20231,180,7.7,0
101306,38,43483,8,0.18,127,2,0,11573,12,5.9,0
101307,37,31318,4,0.14,173,4,0,6760,48,7.9,1
101308,33,48270,9,0.17,165,3,2,25764,72,2.5,0
101309,33,38076,1,0.18,168,15,0,7913,72,9.2,0
101310,28,88947,0,0.47,104,4,0,9948,12,8.5,0
101311,50,36577,2,0.26,186,5,0,28301,84,8.9,1
101312,24,56215,21,0.28,109,3,0,78095,12,7.2,1
101313,30,51568,13,0.27,111,6,0,13637,36,12.7,0
101314,58,73897,0,0.24,147,6,0,26704,120,7.3,0
101315,21,88515,0,0.26,83,5,0,5323,360,2.5,1
101316,57,44673,0,0.14,125,5,0,9371,180,8.6,0
101317,42,59600,3,0.26,42,6,0,9756,60,4.5,0
101318,51,31755,7,0.27,145,8,0,14669,360,5.3,1
101319,21,29661,3,0.31,66,6,1,8212,48,4.9,0
101320,42,77089,7,0.12,140,5,0,3892,180,8.0,0
101321,51,37262,10,0.1,168,8,0,14674,36,8.0,0
101322,41,45930,5,0.07,65,2,0,4514,48,10.1,0
101323,37,39205,10,0.07,154,7,1,6917,36,7.7,0
101324,43,38959,6,0.17,144,6,0,7483,120,9.5,0
101325,59,46867,0,0.31,77,7,0,28480,36,4.0,1
101326,53,122812,0,0.37,9,2,0,15808,72,2.9,1
101327,51,146037,3,0.19,239,3,0,55276,180,3.2,1
101328,28,54807,4,0.11,20,5,0,10186,120,7.3,0
101329,46,20849,1,0.13,145,5,1,77075,360,2.5,0
101330,41,80987,5,0.24,6,3,0,24092,12,10.2,0
101331,44,57870,5,0.05,183,5,0,8734,240,8.7,1
101332,51,71691,8,0.48,114,1,0,18740,180,6.6,0
101333,60,62781,7,0.25,131,6,1,17057,12,5.2,0
101334,31,43535,0,0.17,131,4,0,15146,72,7.1,1
101335,55,54041,11,0.06,177,7,0,4787,360,5.4,0
101336,46,81939,6,0.27,92,4,0,10209,84,7.9,0
101337,34,45245,2,0.3,83,4,1,14608,120,13.2,0
101338,27,61464,11,0.31,173,2,0,8739,36,2.5,0
101339,46,33933,11,0.12,208,3,1,7727,360,11.0,0
101340,38,53364,10,0.48,162,3,0,8057,84,4.5,0
101341,44,92108,13,0.17,183,5,0,8211,24,6.8,1
101342,51,71168,11,0.3,79,4,0,19626,60,8.1,1
101343,35,51401,11,0.16,140,3,1,15137,12,8.0,0
101344,68,75978,5,0.2,120,4,2,19475,24,10.1,0
101345,52,149098,8,0.17,135,5,0,9578,72,2.5,1
101346,30,62952,9,0.13,220,4,0,28935,360,8.5,1
101347,33,46394,2,0.47,82,3,0,18166,120,11.6,0
101348,44,137250,4,0.08,62,7,0,4751,120,7.9,1
101349,40,51395,1,0.37,64,2,0,25694,24,2.5,0
101350,38,61006,1,0.19,133,9,0,20234,240,8.0,0
101351,43,51168,5,0.41,255,6,1,38188,24,10.3,0
101352,43,41095,16,0.31,103,6,1,45120,120,2.8,0
101353,43,59330,2,0.33,73,5,0,6017,84,3.6,0
101354,34,55167,30,0.45,134,5,0,20500,12,4.8,0
101355,30,45201,4,0.34,272,7,0,20319,240,9.8,0
101356,55,195369,11,0.37,62,2,0,12289,24,9.7,0
101357,29,37634,5,0.12,90,4,1,16350,24,7.3,0
101358,48,41576,3,0.21,121,2,1,15984,48,7.6,0
101359,35,47705,0,0.23,95,4,0,16687,180,7.9,0
101360,30,67053,15,0.4,207,3,0,10726,240,8.8,0
101361,51,68283,1,0.34,95,5,3,5294,48,6.1,0
101362,49,70021,4,0.28,124,9,0,39276,24,10.8,1
101363,21,35910,1,0.25,64,4,2,8309,84,5.9,0
101364,38,46565,5,0.25,161,6,0,41200,48,2.5,0
101365,40,82267,10,0.31,94,5,0,5445,24,6.6,1
101366,21,57296,0,0.19,19,6,0,25451,240,8.5,0
101367,31,24387,9,0.04,182,9,0,39939,12,12.4,0
101368,29,92059,1,0.02,163,3,0,23149,120,8.8,0
101369,41,68666,4,0.31,94,5,0,10200,84,4.8,0
101370,39,32741,1,0.19,57,10,0,7962,72,4.6,0
101371,33,47776,0,0.23,233,5,0,3692,84,9.9,1
101372,29,64784,6,0.25,6,6,0,13232,120,5.3,1
101373,34,24657,13,0.26,228,11,0,4796,180,9.5,0
101374,27,47803,3,0.24,6,0,0,8686,120,3.5,0
101375,51,92463,8,0.08,79,3,1,15054,48,3.3,0
101376,26,137616,3,0.08,84,7,0,9780,72,4.9,1
101377,21,51586,18,0.11,7,5,0,13254,12,4.3,1
101378,46,51248,9,0.2,103,2,0,5130,72,7.0,0
101379,43,92868,9,0.23,134,4,0,6081,60,9.6,0
101380,36,48617,0,0.29,28,4,0,19519,360,5.6,1
101381,44,47309,10,0.04,37,6,0,27387,24,5.1,0
101382,47,37298,0,0.28,55,6,0,7713,84,11.2,0
101383,51,53193,13,0.42,151,9,0,14706,360,7.3,0
101384,54,58720,4,0.1,134,5,1,13530,24,11.3,0
101385,30,58455,1,0.08,87,6,0,13543,120,2.5,0
101386,41,46327,5,0.02,78,4,0,21650,48,7.3,0
101387,44,44758,9,0.25,201,3,0,5830,24,9.2,0
101388,52,76671,3,0.13,121,2,0,33125,60,2.9,0
101389,50,61653,1,0.3,129,5,0,6641,60,2.6,0
101390,65,49401,12,0.35,161,4,0,24917,120,9.8,0
101391,47,78770,11,0.1,178,8,3,14761,48,2.5,0
101392,56,42322,4,0.07,11,6,0,3278,360,5.0,0
101393,45,25904,2,0.18,162,4,0,7978,24,6.0,0
101394,49,58342,0,0.32,168,7,0,12386,120,5.1,0
101395,33,107280,17,0.18,161,9,1,39393,120,4.8,1
101396,45,57210,2,0.22,165,8,2,28397,84,8.9,0
101397,44,69075,0,0.22,128,6,1,5049,24,8.4,0
101398,60,75761,1,0.01,58,4,1,41247,24,9.4,1
101399,50,75660,2,0.11,121,10,0,13089,72,2.5,0
101400,49,46127,12,0.08,6,1,0,15106,48,10.5,0
101401,48,40387,0,0.23,114,2,2,53450,84,8.1,0
101402,46,88746,0,0.39,116,8,0,11220,36,10.2,0
101403,29,138158,21,0.21,95,5,0,14464,120,9.9,1
101404,32,48971,1,0.24,109,5,0,7412,240,6.0,0
101405,50,97630,4,0.14,129,6,0,15174,48,6.8,0
101406,23,60461,5,0.11,133,4,0,7290,72,9.6,1
101407,48,86452,2,0.12,133,2,0,25283,84,2.5,0
101408,33,47644,8,0.28,129,5,0,4744,240,2.6,0
101409,38,35185,17,0.2,75,7,0,11308,120,7.5,1
101410,31,31141,0,0.12,99,5,0,10862,120,8.2,1
101411,44,20000,2,0.15,96,6,0,3825,180,6.1,0
101412,38,22380,4,0.09,103,6,0,13395,48,2.8,1
101413,56,31175,0,0.11,116,5,0,22974,180,6.3,1
101414,35,39478,4,0.63,108,5,0,7050,12,4.3,0
101415,38,35480,1,0.42,145,3,0,22501,240,2.5,0
101416,44,20303,11,0.25,167,1,0,15715,48,8.2,0
101417,35,54914,4,0.3,22,6,0,32332,360,2.5,0
101418,31,72911,23,0.21,187,3,1,13439,240,12.0,0
101419,42,42362,8,0.45,114,5,0,9040,36,9.0,1
101420,25,66175,7,0.31,160,6,1,12440,180,4.2,1
101421,48,72315,4,0.15,48,7,1,10972,360,9.0,0
101422,43,147926,12,0.58,101,4,2,7665,24,8.0,0
101423,36,29221,3,0.36,113,4,1,14007,36,3.8,0
101424,56,52000,1,0.15,94,2,1,34180,60,6.9,0
101425,24,82225,0,0.09,43,4,0,13418,72,8.4,0
101426,48,109648,3,0.17,106,1,0,17133,48,12.6,0
101427,58,67946,4,0.34,174,9,0,17762,72,7.0,0
101428,46,76990,13,0.39,188,7,0,3538,36,7.2,0
101429,49,71050,0,0.06,34,2,3,5119,180,7.0,0
101430,43,40305,2,0.32,125,8,0,3832,240,9.2,1
101431,30,38985,2,0.12,128,6,0,42667,60,8.0,0
101432,36,97145,25,0.29,163,7,1,25919,120,4.2,0
101433,53,47071,1,0.18,111,3,0,19801,360,8.4,0
101434,33,67431,16,0.1,193,4,6,28770,180,2.5,0
101435,35,41435,4,0.27,121,10,0,24962,60,7.2,0
101436,22,54940,2,0.33,64,7,0,18445,240,9.3,1
101437,42,62355,9,0.23,143,6,0,7482,36,5.2,1
101438,39,42053,2,0.04,195,4,1,19544,72,7.3,0
101439,51,82280,1,0.14,74,5,0,28307,12,8.1,0
101440,36,71603,8,0.33,159,3,0,6164,36,8.1,1
101441,47,36784,1,0.17,111,5,0,7776,48,6.4,0
101442,31,124432,2,0.2,74,7,0,8201,240,8.3,1
101443,43,69961,8,0.11,75,5,0,3499,48,4.8,1
101444,23,75984,0,0.11,143,3,1,13786,12,9.8,0
101445,46,69837,1,0.26,44,5,0,10090,240,3.4,0
101446,25,46377,2,0.16,171,5,0,46968,360,5.3,1
101447,37,107580,1,0.27,90,4,1,5877,12,9.3,0
101448,31,53050,2,0.4,154,1,0,5572,120,3.2,0
101449,52,47346,9,0.34,94,9,0,29666,60,8.2,0
101450,22,39986,6,0.28,172,9,0,19538,120,10.0,0
101451,57,57572,2,0.05,101,3,1,6937,84,5.6,1
101452,39,41979,0,0.03,149,6,1,8710,24,11.2,0
101453,49,51410,0,0.17,84,3,0,15392,180,3.9,0
101454,47,21290,1,0.08,98,5,1,39370,240,7.4,0
101455,53,56408,10,0.38,134,6,1,15549,60,4.4,0
101456,41,35950,0,0.26,40,7,0,5861,60,4.9,0
101457,46,48176,3,0.07,134,7,1,11815,24,2.5,0
101458,40,47800,18,0.35,138,6,0,16811,72,10.4,1
101459,42,32135,0,0.1,168,9,1,30159,12,6.4,1
101460,30,155951,0,0.08,100,4,0,5776,60,8.4,0
101461,58,53460,2,0.09,143,5,0,24678,12,5.9,0
101462,40,65070,11,0.29,214,6,0,5724,240,4.0,1
101463,27,83105,4,0.23,105,5,0,4373,84,9.7,0
101464,42,30287,1,0.32,72,5,0,19879,72,5.4,0
101465,32,41163,2,0.09,130,2,0,8485,180,5.5,0
101466,21,95484,3,0.36,180,5,0,15003,60,11.3,0
101467,40,81441,2,0.49,160,7,0,5908,240,2.5,0
101468,45,117391,6,0.23,218,6,2,11078,360,7.0,0
101469,28,37972,10,0.27,186,6,0,17699,36,3.1,0
101470,32,39489,0,0.26,183,9,1,3278,60,6.5,1
101471,32,72865,0,0.36,199,1,0,20709,84,9.4,0
101472,51,51835,7,0.34,108,6,0,6565,180,5.3,0
101473,21,69110,2,0.3,43,7,0,13417,120,5.9,0
101474,58,38498,8,0.51,53,4,0,26194,48,2.5,0
101475,29,38693,5,0.23,68,5,0,16667,84,8.5,0
101476,32,54414,19,0.05,36,7,1,15497,72,6.9,0
101477,32,67704,3,0.23,108,6,0,30531,180,6.5,0
101478,41,49828,0,0.28,217,9,0,18654,48,8.5,0
101479,44,29447,12,0.44,192,9,0,12364,12,8.1,1
101480,24,50716,4,0.39,179,7,0,11342,12,5.6,1
101481,46,25229,10,0.11,109,3,0,8138,180,4.9,0
101482,44,69614,14,0.38,76,2,0,20320,72,2.7,0
101483,21,31660,9,0.17,191,5,0,26486,48,8.2,1
101484,53,37435,0,0.12,185,7,0,21144,12,5.3,0
101485,48,25588,0,0.15,119,5,0,20263,360,3.1,1
101486,26,90337,0,0.55,258,1,0,16103,360,6.5,0
101487,47,52919,1,0.11,55,5,1,5164,12,8.9,0
101488,45,66750,17,0.02,115,5,0,20533,360,9.3,0
101489,58,69075,7,0.17,79,5,0,20615,48,7.3,1
101490,28,82159,10,0.13,53,4,0,12961,84,5.1,0
101491,21,149077,1,0.02,128,1,0,21674,12,3.8,0
101492,22,60729,8,0.14,81,4,0,5947,240,7.9,0
101493,52,100272,3,0.24,142,1,1,10277,120,10.4,0
101494,40,55574,1,0.14,185,5,3,40949,60,7.7,0
101495,62,79360,36,0.28,158,3,0,6676,360,4.4,1
101496,49,20000,29,0.09,118,9,0,14964,120,5.3,1
101497,48,45778,8,0.26,109,7,0,8927,12,5.9,0
101498,31,138923,2,0.33,64,4,1,15966,120,10.9,1
101499,43,27268,14,0.21,30,3,0,22117,360,7.7,0
101500,46,23901,2,0.29,114,5,2,6545,24,3.7,0
101501,46,197525,1,0.38,130,7,0,34871,120,2.5,1
101502,43,30126,4,0.36,171,4,2,12999,180,11.0,0
101503,49,71245,2,0.69,132,4,0,23981,12,5.6,0
101504,66,24774,10,0.3,124,8,0,12260,24,6.5,0
101505,50,89830,3,0.17,149,4,2,16534,360,4.7,0
101506,21,35758,3,0.31,67,2,0,15313,240,4.2,0
101507,52,32586,0,0.54,6,3,0,9171,72,11.2,0
101508,27,63452,2,0.19,92,9,0,21630,12,9.2,0
101509,45,90186,8,0.04,41,5,0,9726,84,5.2,0
101510,32,65761,0,0.1,155,4,2,26030,48,6.4,0
101511,33,84668,0,0.41,79,4,0,5821,72,2.5,1
101512,57,91939,9,0.17,71,5,0,25400,360,2.5,1
101513,26,62137,9,0.5,69,10,0,12038,36,6.6,0
101514,38,20708,6,0.17,186,3,0,11451,84,9.6,0
101515,54,34201,8,0.3,110,6,0,14350,180,13.8,0
101516,36,64772,0,0.28,160,10,0,6610,24,7.2,0
101517,53,68635,5,0.14,87,7,0,10468,180,9.6,0
101518,43,143687,12,0.06,118,1,0,5461,60,10.9,0
101519,53,30009,4,0.15,124,5,2,10375,12,6.6,0
101520,34,51374,1,0.16,6,7,0,11710,72,8.5,0
101521,41,74736,0,0.49,74,2,1,5880,180,6.8,0
101522,43,76163,3,0.08,83,6,0,16195,72,4.4,0
101523,32,65959,6,0.03,36,5,0,15182,360,6.8,0
101524,26,55327,6,0.17,168,5,0,13928,36,8.0,1
101525,40,97198,18,0.29,157,4,0,24331,360,8.0,0
101526,42,39663,4,0.38,118,3,0,19677,360,12.3,0
101527,21,28299,6,0.07,106,7,0,4939,240,9.0,0
101528,51,41810,9,0.09,125,3,0,4097,120,6.4,0
101529,51,106135,6,0.4,99,4,0,7559,72,5.2,1
101530,46,42391,3,0.08,125,4,0,22444,24,5.5,0
101531,48,88076,0,0.05,99,3,0,16511,72,7.0,1
101532,27,21392,2,0.23,221,7,1,35761,120,3.3,0
101533,36,61806,5,0.12,114,4,1,6363,36,6.3,0
101534,48,33834,3,0.37,105,4,0,30412,24,8.0,1
101535,27,90280,9,0.44,147,4,1,25388,180,3.2,0
101536,52,81076,6,0.48,275,4,0,14628,48,2.5,0
101537,25,37182,13,0.63,160,3,0,13584,48,8.5,0
101538,34,92050,7,0.13,238,6,1,15058,180,4.3,0
101539,21,32218,1,0.2,84,5,2,6932,360,7.2,0
101540,22,38733,4,0.18,183,2,2,7941,360,4.2,0
101541,40,62759,0,0.34,6,7,1,6976,240,8.8,0
101542,27,41617,17,0.03,101,2,0,29024,24,2.5,0
101543,31,53542,0,0.2,148,5,1,32052,120,3.1,0
101544,56,76399,2,0.04,181,5,0,3753,240,8.2,1
101545,50,58483,8,0.24,217,5,0,6796,48,8.3,0
101546,37,99174,7,0.02,185,3,0,18332,120,11.9,0
101547,21,43145,1,0.17,6,4,0,6585,36,10.3,0
101548,36,39157,0,0.34,125,5,0,16670,48,9.0,0
101549,52,49016,7,0.32,194,4,0,27710,360,7.8,0
101550,28,49101,10,0.13,188,1,0,12618,72,2.5,0
101551,36,57401,11,0.18,209,11,0,5620,12,6.8,1
101552,21,39067,5,0.04,192,4,0,12443,240,2.5,1
101553,27,24486,3,0.04,108,2,0,5269,84,4.7,0
101554,63,45585,5,0.33,151,2,0,12347,12,6.3,1
101555,28,50805,13,0.06,105,4,0,4658,36,11.3,1
101556,26,118759,12,0.03,153,5,0,29947,60,10.2,1
101557,37,33453,2,0.22,112,4,5,25126,24,8.0,0
101558,40,188268,4,0.41,207,2,0,6143,360,9.3,1
101559,37,24308,0,0.12,189,8,0,36095,36,10.1,0
101560,33,67319,1,0.18,237,3,0,33876,240,6.8,1
101561,67,38959,4,0.15,63,8,1,37308,360,11.5,0
101562,33,33705,6,0.38,137,4,0,7167,360,9.6,0
101563,28,47073,2,0.31,130,13,0,11337,72,12.9,0
101564,50,60373,0,0.23,63,3,1,42656,180,3.5,0
101565,56,125743,26,0.27,220,2,0,126993,180,8.5,1
101566,28,69901,1,0.27,128,10,0,5707,36,3.4,0
101567,21,99245,11,0.34,43,10,0,24377,36,6.7,0
101568,42,40488,5,0.3,41,5,2,8425,180,2.5,0
101569,45,72122,0,0.27,66,3,1,18402,48,6.7,0
101570,55,122972,4,0.12,212,4,0,15033,24,5.8,1
101571,33,78074,0,0.12,134,5,0,7717,72,9.6,0
101572,57,71121,3,0.33,96,4,0,8107,12,7.7,1
101573,46,47441,0,0.23,147,5,0,25754,84,8.4,0
101574,34,35045,7,0.21,86,2,1,8721,84,10.9,1
101575,39,26272,3,0.34,84,6,2,28256,240,7.6,0
101576,38,38134,3,0.36,132,8,0,19253,84,8.3,0
101577,39,20000,0,0.45,114,4,1,21877,84,9.0,0
101578,72,79048,3,0.16,185,4,0,1359,60,3.4,1
101579,24,46244,0,0.05,222,5,0,25493,84,11.0,0
101580,55,34202,5,0.11,140,6,0,9446,180,5.9,0
101581,21,52082,2,0.22,122,4,1,14696,360,7.6,1
101582,31,58787,4,0.57,236,2,0,22634,240,3.7,0
101583,45,23240,0,0.18,6,3,0,13548,48,7.6,0
101584,48,32640,5,0.36,219,12,2,60257,120,5.4,0
101585,49,111110,4,0.47,133,6,0,20103,48,10.7,0
101586,29,138100,2,0.45,225,3,0,29263,180,6.2,0
101587,40,42492,17,0.19,70,5,0,25040,120,9.4,0
101588,43,136464,2,0.31,74,10,0,4420,72,3.4,0
101589,27,67377,0,0.36,68,6,0,2643,36,4.5,0
101590,43,23975,2,0.12,143,7,0,31183,72,3.1,1
101591,41,47311,0,0.44,69,3,1,14810,120,5.1,0
101592,34,51028,5,0.31,240,11,1,21746,240,10.0,0
101593,43,76120,3,0.17,221,8,1,11218,240,15.1,0
101594,45,57157,4,0.23,37,5,0,7317,360,12.5,0
101595,48,28279,4,0.51,132,5,1,79741,360,12.4,0
101596,24,33211,11,0.05,154,7,0,14539,120,7.7,0
101597,36,43614,1,0.23,152,3,0,7311,84,7.0,0
101598,21,36526,0,0.13,47,7,0,12546,84,3.1,1
101599,41,77942,27,0.24,177,6,0,15894,48,6.7,1
101600,38,49337,4,0.32,92,4,1,5519,72,7.4,0
101601,22,39578,15,0.23,27,4,1,29086,180,2.6,0
101602,40,41588,0,0.25,61,6,0,21391,12,5.6,1
101603,35,43817,4,0.15,162,6,2,11241,240,9.7,0
101604,22,49280,0,0.06,74,5,2,15355,48,8.1,0
101605,31,106170,26,0.27,172,0,0,14197,12,9.6,0
101606,36,38049,1,0.22,131,1,0,4056,48,11.3,0
101607,42,61280,3,0.41,62,3,0,14302,36,7.3,0
101608,43,35119,1,0.32,176,6,1,5565,180,2.7,0
101609,30,86817,7,0.16,127,2,1,6746,240,8.2,1
101610,48,61305,15,0.29,163,4,0,14193,48,10.0,0
101611,50,26917,2,0.22,102,2,0,17419,12,13.6,0
101612,61,90271,0,0.3,73,3,0,3762,180,4.6,0
101613,64,71051,2,0.17,125,6,3,11481,60,7.6,0
101614,35,62685,9,0.15,68,5,0,15860,84,10.3,0
101615,29,20770,3,0.1,235,1,0,3986,84,3.5,0
101616,24,93196,0,0.2,102,8,2,8367,48,8.1,0
101617,30,35844,0,0.27,35,4,0,16272,72,4.3,0
101618,47,42333,1,0.2,95,5,0,8941,180,7.2,1
101619,36,37715,0,0.21,13,4,0,18179,12,6.6,1
101620,31,44481,4,0.17,104,6,0,50093,48,4.2,0
101621,43,46451,1,0.36,138,10,0,12535,84,2.5,0
101622,45,76001,6,0.04,35,3,0,13845,120,7.2,1
101623,21,83036,6,0.26,288,4,1,17202,120,5.1,1
101624,37,70152,2,0.16,159,3,0,28485,180,11.4,0
101625,35,46645,0,0.48,66,5,1,25671,84,6.3,0
101626,22,59106,4,0.16,6,2,1,31361,84,5.7,0
101627,32,30140,4,0.38,173,8,0,26618,240,14.2,0
101628,61,38105,8,0.03,55,3,0,7558,60,11.2,0
101629,34,54546,0,0.09,159,7,0,18657,48,2.8,0
101630,54,57688,0,0.29,123,8,0,12893,240,3.7,0
101631,58,69372,0,0.47,128,4,0,7868,48,12.9,0
101632,34,27935,3,0.1,153,3,0,10015,24,4.6,0
101633,27,37144,3,0.2,164,4,0,5645,36,4.2,0
101634,45,129637,0,0.23,188,3,1,1625,48,4.4,0
101635,55,20000,2,0.42,106,4,0,6653,72,10.1,0
101636,38,41595,0,0.46,131,9,1,6493,120,8.2,0
101637,43,56497,6,0.19,141,5,1,8339,12,5.7,0
101638,40,29751,1,0.18,252,4,0,14404,180,4.9,0
101639,47,42375,0,0.33,28,8,0,6829,360,10.0,0
101640,54,44425,14,0.15,143,6,0,15124,36,8.0,0
101641,60,57957,7,0.03,93,3,1,9938,36,10.4,0
101642,21,38596,1,0.03,162,6,0,53012,72,15.4,0
101643,36,45657,0,0.18,146,2,0,15827,12,7.1,0
101644,39,112946,15,0.09,168,9,1,24173,120,7.5,0
101645,43,48307,2,0.49,92,5,0,18065,24,2.5,1
101646,53,91308,10,0.54,232,10,0,18362,36,11.4,1
101647,48,50330,0,0.45,41,10,1,8053,36,4.7,0
101648,53,20000,1,0.15,120,8,1,14721,360,9.0,1
101649,22,42206,2,0.32,164,7,0,24333,24,6.8,0
101650,21,33593,3,0.19,98,2,2,5286,48,2.5,0
101651,48,71081,0,0.06,91,4,0,27164,12,3.8,0
101652,36,127704,0,0.09,236,3,0,11820,84,4.9,1
101653,47,41745,17,0.37,236,5,1,8690,48,6.8,1
101654,48,39587,1,0.17,77,3,1,8523,12,7.8,0
101655,56,43279,0,0.27,109,4,0,4469,180,7.9,0
101656,22,52560,0,0.23,110,1,0,6338,60,5.3,0
101657,48,59624,2,0.41,109,5,1,12097,12,7.8,0
101658,22,52191,6,0.04,188,3,0,16325,360,7.4,1
101659,36,109037,9,0.05,204,2,0,7741,72,7.1,0
101660,54,225955,7,0.3,61,3,0,15761,84,5.2,0
101661,22,41224,5,0.29,175,6,0,9362,24,6.1,0
101662,31,39448,7,0.05,225,5,0,36737,72,7.4,0
101663,45,20000,3,0.26,35,3,0,26794,360,11.2,0
101664,48,65347,0,0.07,63,4,0,6250,72,10.7,1
101665,54,61266,5,0.14,113,7,0,16910,24,6.1,0
101666,60,49857,0,0.21,57,4,0,11100,48,7.4,1
101667,37,41255,13,0.05,99,8,0,6330,120,4.5,1
101668,42,65152,17,0.57,81,3,0,14768,120,5.3,1
101669,21,116585,0,0.37,252,4,0,6630,120,9.0,1
101670,33,119420,13,0.51,147,3,1,11333,12,8.9,0
101671,50,27236,0,0.12,131,4,2,7398,360,5.0,0
101672,44,72560,6,0.24,177,4,1,5897,240,7.4,0
101673,48,62465,14,0.04,152,3,0,16401,36,4.1,1
101674,29,41685,4,0.12,134,6,3,23107,360,10.3,0
101675,26,46335,3,0.36,6,5,0,13583,48,6.8,0
101676,50,68775,1,0.14,126,6,0,29452,84,2.5,1
101677,21,61602,1,0.29,149,8,0,18666,48,5.8,0
101678,26,104768,8,0.22,113,8,2,20905,120,10.5,0
101679,46,79022,0,0.31,107,5,0,50722,72,6.1,0
101680,24,56701,5,0.4,233,5,0,12410,180,4.2,0
101681,54,109644,0,0.47,168,4,0,20972,48,3.0,0
101682,36,39404,0,0.04,93,5,1,5123,36,6.2,1
101683,48,215814,0,0.21,55,2,0,24803,60,7.0,1
101684,33,46557,11,0.29,148,5,0,20213,120,7.7,0
101685,21,61761,13,0.29,241,6,1,29151,360,4.1,0
101686,45,100148,10,0.4,222,5,2,3262,84,7.1,0
101687,40,46867,17,0.17,258,4,0,9069,240,4.9,0
101688,47,118779,8,0.19,13,3,0,24969,60,9.1,0
101689,35,102418,7,0.12,173,6,0,12140,12,6.7,0
101690,35,35066,9,0.36,159,9,1,17761,120,7.8,1
101691,67,131329,4,0.08,118,4,1,7863,120,5.7,0
101692,50,80725,11,0.16,189,6,0,21416,24,7.9,1
101693,39,147536,3,0.19,152,5,0,28294,72,8.9,0
101694,38,74479,3,0.06,150,5,0,8557,48,2.5,1
101695,42,33274,9,0.18,194,5,0,8141,72,13.3,0
101696,31,79671,2,0.1,59,2,0,19120,360,4.2,0
101697,39,30126,5,0.35,253,3,0,4185,360,5.5,0
101698,52,28383,0,0.12,6,3,0,11892,180,6.1,0
101699,28,52364,33,0.4,96,4,0,14686,240,6.0,0
101700,65,91769,2,0.09,105,7,4,14676,180,3.3,0
101701,33,36424,2,0.31,167,9,0,9996,84,8.6,0
101702,38,32054,3,0.37,159,4,0,11171,120,2.5,1
101703,56,124398,5,0.3,74,5,1,14916,36,7.3,0
101704,49,103258,4,0.4,148,5,2,31226,72,8.3,0
101705,21,102007,1,0.22,41,2,0,4080,72,12.5,0
101706,54,40063,1,0.1,36,8,0,22084,48,7.7,0
101707,44,82381,1,0.16,174,5,2,13832,48,7.3,0
101708,30,30873,3,0.09,115,9,1,10649,12,2.5,1
101709,32,111703,0,0.09,153,5,1,15046,120,10.0,0
101710,48,50690,17,0.09,58,4,0,14388,72,6.8,0
101711,40,32479,5,0.02,159,1,0,10288,60,2.5,0
101712,55,71883,17,0.17,98,6,0,16534,120,8.4,0
101713,61,20000,3,0.2,207,4,0,12113,84,10.3,1
101714,46,51942,0,0.29,143,7,1,25622,84,2.5,0
101715,50,101450,2,0.44,6,8,0,18179,84,5.6,0
101716,42,71694,0,0.21,158,3,1,10156,240,2.5,0
101717,38,56961,7,0.37,93,3,0,18997,24,12.8,0
101718,49,56716,3,0.1,129,8,0,6898,240,2.5,0
101719,26,77663,5,0.17,160,8,0,7415,360,9.8,0
101720,50,33333,3,0.22,142,4,0,12849,72,3.5,0
101721,45,62841,9,0.15,101,2,0,23137,240,2.5,1
101722,49,55083,4,0.23,7,4,0,7465,12,5.8,0
101723,48,79483,4,0.24,107,5,1,12311,84,2.5,0
101724,53,113922,6,0.23,75,7,0,4283,84,8.3,0
101725,34,54544,3,0.44,157,6,0,22834,240,3.3,0
101726,56,42400,2,0.19,232,8,0,12976,360,4.0,0
101727,29,41979,0,0.22,143,6,0,29422,240,4.8,0
101728,25,36879,5,0.27,63,5,1,12608,12,9.7,0
101729,32,44271,0,0.13,207,3,0,5058,60,5.8,0
101730,52,85332,19,0.19,106,5,0,14470,84,7.7,0
101731,51,53294,3,0.06,149,4,0,14897,360,4.2,0
101732,35,47744,4,0.2,103,5,2,24637,12,7.6,0
101733,67,26370,6,0.29,164,4,0,10005,24,6.7,0
101734,37,45103,2,0.14,186,5,0,4431,180,9.2,1
101735,29,69538,21,0.3,161,8,3,11896,12,12.3,0
101736,40,45452,5,0.11,165,3,1,7536,48,10.2,0
101737,43,28142,5,0.05,190,5,0,9049,24,3.2,1
101738,48,150638,1,0.22,167,4,1,6007,240,8.5,1
101739,40,47846,6,0.03,129,11,0,15507,48,4.4,1
101740,33,52360,0,0.27,114,9,0,41053,84,8.0,0
101741,55,54056,1,0.26,180,5,0,35285,240,8.2,1
101742,30,30695,2,0.24,56,3,2,15865,72,3.2,0
101743,40,133331,5,0.11,99,4,0,30938,84,7.3,1
101744,61,53399,7,0.61,192,4,0,20360,60,5.1,1
101745,49,130671,5,0.14,6,3,0,29086,84,8.2,1
101746,40,55750,11,0.34,141,6,1,3492,72,7.7,0
101747,48,58419,6,0.25,92,4,0,9487,72,9.6,0
101748,21,62264,3,0.51,73,6,1,15350,36,2.6,0
101749,38,34775,5,0.27,85,6,0,14674,36,9.8,0
101750,63,60997,10,0.23,226,3,1,3588,84,5.6,0
101751,24,24758,2,0.08,85,4,0,17809,48,2.5,1
101752,70,57720,10,0.19,140,5,0,20661,24,7.5,1
101753,40,61664,11,0.08,163,5,1,4535,12,9.7,1
101754,42,97810,2,0.3,152,5,0,20392,36,10.6,0
101755,42,59869,8,0.16,133,7,0,11100,120,7.8,0
101756,36,33766,1,0.18,151,3,0,15605,84,9.4,0
101757,32,65367,1,0.28,92,5,0,17776,48,11.7,0
101758,60,89623,1,0.56,120,3,0,4676,48,8.3,0
101759,28,32754,2,0.19,26,1,0,26171,180,8.1,1
101760,50,28786,2,0.27,74,0,0,36381,360,7.2,0
101761,21,54010,8,0.42,116,3,0,10213,240,3.5,0
101762,32,56951,3,0.1,44,10,1,11141,240,8.6,1
101763,58,29026,11,0.2,284,6,0,15580,24,16.5,0
101764,44,75007,9,0.15,96,5,0,11782,12,6.3,0
101765,44,63022,15,0.49,74,2,0,9615,24,2.5,0
101766,34,26571,2,0.13,78,6,0,9214,60,8.9,0
101767,75,80010,2,0.01,124,3,0,12362,60,5.1,1
101768,48,79755,0,0.22,71,6,1,24220,48,5.8,0
101769,26,58611,0,0.1,140,5,0,19689,24,6.7,1
101770,48,96778,1,0.12,114,8,2,9675,60,10.5,1
101771,47,77097,0,0.31,188,9,0,6876,360,5.6,0
101772,47,132934,3,0.07,166,5,0,5878,180,5.6,1
101773,40,61799,17,0.47,140,2,0,17354,72,11.4,0
101774,47,88462,4,0.28,224,4,0,11299,60,7.9,1
101775,21,52203,2,0.39,110,8,0,12798,24,6.7,0
101776,33,40825,2,0.24,122,7,0,3750,240,9.4,0
101777,43,65449,1,0.06,129,4,0,10754,120,11.4,0
101778,32,73818,1,0.06,71,3,1,8961,120,8.4,0
101779,35,32737,22,0.1,67,8,0,3209,36,9.1,1
101780,44,81013,1,0.22,138,4,0,22868,84,8.9,0
101781,31,24734,3,0.12,193,6,0,21559,24,7.5,1
101782,35,45842,2,0.45,6,6,2,4249,60,3.6,0
101783,35,50770,0,0.2,99,4,0,4470,180,7.0,0
101784,51,56697,3,0.42,115,4,0,6949,24,11.3,0
101785,52,25729,13,0.25,98,8,1,6328,12,4.2,1
101786,21,59826,0,0.05,86,4,0,7125,24,2.5,0
101787,53,33114,20,0.09,21,6,1,6621,12,8.3,0
101788,49,34398,1,0.15,6,7,0,15679,360,8.9,0
101789,38,73890,1,0.06,161,2,0,10348,84,5.5,0
101790,46,79652,5,0.05,110,4,0,16123,60,11.2,0
101791,42,86589,3,0.23,65,3,0,23768,24,7.7,0
101792,29,31143,2,0.4,162,3,0,23267,84,3.6,0
101793,39,89696,26,0.21,106,1,0,15836,360,6.7,0
101794,59,61395,8,0.26,79,4,0,3234,240,9.4,0
101795,53,74970,0,0.09,81,5,2,12565,180,6.9,0
101796,49,60323,1,0.3,103,3,0,12019,360,5.8,0
101797,43,21134,5,0.16,84,10,1,18048,48,12.1,0
101798,25,49386,3,0.17,119,4,1,10084,240,8.8,0
101799,22,55714,2,0.31,195,3,0,5606,84,2.5,0
101800,26,46902,9,0.19,137,7,2,11800,180,7.8,0
101801,29,69592,4,0.32,167,8,2,17143,36,5.4,0
101802,45,33985,0,0.39,112,6,0,8816,36,7.2,0
101803,21,37692,10,0.34,72,2,0,16864,72,6.8,0
101804,49,82139,22,0.29,112,3,1,3614,24,8.6,0
101805,50,62654,6,0.11,40,5,1,30006,48,4.1,0
101806,41,32786,1,0.16,90,6,0,14825,84,3.9,0
101807,21,68862,9,0.21,74,7,0,21395,12,6.6,0
101808,51,20000,0,0.24,72,5,0,20226,72,4.1,0
101809,21,40881,3,0.53,132,4,0,12456,48,5.6,0
101810,35,91886,0,0.19,85,3,0,27980,240,9.4,0
101811,26,47100,14,0.13,120,1,0,23915,360,9.0,1
101812,40,38740,0,0.16,6,6,0,5009,120,8.2,0
101813,42,59374,8,0.11,125,5,0,24121,24,5.8,0
101814,38,46067,2,0.18,150,3,0,12138,12,4.6,1
101815,41,55660,5,0.28,211,5,1,11425,60,2.5,0
101816,49,59340,6,0.4,141,6,0,23571,48,11.5,1
101817,24,28669,10,0.2,167,4,3,4427,12,8.3,0
101818,57,73449,4,0.12,66,4,0,4356,60,8.4,0
101819,44,66698,3,0.13,137,4,2,13070,240,7.5,0
101820,32,36015,10,0.2,111,4,0,13600,240,8.7,1
101821,49,45894,4,0.33,189,7,3,41381,84,2.5,0
101822,36,21969,9,0.25,63,4,1,6450,120,3.1,0
101823,41,20000,19,0.31,181,7,0,31610,24,9.3,0
101824,64,76674,0,0.18,127,1,0,15648,24,5.2,1
101825,39,23328,6,0.19,88,3,0,9365,120,3.7,1
101826,28,73374,3,0.01,138,4,0,19080,48,5.1,1
101827,52,42985,2,0.15,110,8,0,4651,12,10.1,0
101828,36,46719,11,0.36,107,5,0,13326,72,6.5,1
101829,62,28066,2,0.1,209,6,0,6804,240,2.5,1
101830,26,73728,14,0.13,92,3,1,8183,24,4.8,0
101831,49,83091,2,0.28,225,3,0,12144,240,2.5,0
101832,49,43069,3,0.13,180,4,0,19308,180,9.9,1
101833,43,27028,0,0.17,158,2,0,7657,240,7.4,0
101834,36,22301,1,0.35,128,1,0,19172,24,10.6,0
101835,59,42254,4,0.05,115,4,0,12346,84,4.5,0
101836,27,57132,3,0.14,139,7,0,15952,120,6.3,1
101837,26,63510,8,0.29,272,2,0,42133,48,5.8,0
101838,32,68358,11,0.13,159,5,0,13785,12,9.8,0
101839,56,20000,5,0.12,63,2,1,10139,240,7.8,0
101840,52,51649,0,0.05,91,7,2,18674,72,3.5,1
101841,35,27515,3,0.31,41,6,0,28798,72,7.7,0
101842,22,42511,11,0.18,17,4,0,39125,120,6.0,0
101843,21,35998,4,0.14,49,3,0,21652,84,3.5,0
101844,45,28882,8,0.07,99,1,0,33388,360,7.5,0
101845,23,79020,2,0.26,208,8,0,3044,180,8.5,0
101846,40,53301,3,0.11,133,4,0,31997,12,10.9,1
101847,43,38736,0,0.27,56,6,0,28571,84,6.2,0
101848,41,88732,0,0.07,187,9,0,21368,72,5.9,1
101849,50,64746,1,0.19,108,1,0,14678,60,2.5,0
101850,49,51550,0,0.19,132,5,1,29648,12,10.3,0
101851,21,83685,1,0.2,104,2,3,15261,120,15.1,0
101852,43,46005,6,0.11,102,6,0,10949,84,5.8,0
101853,42,44233,19,0.06,46,2,0,8797,180,5.7,0
101854,23,103926,1,0.27,197,6,0,6961,72,8.7,0
101855,43,113969,13,0.2,115,8,0,12814,240,7.5,1
101856,48,48213,22,0.21,99,4,0,18860,360,3.2,0
101857,62,63977,2,0.53,108,3,0,22539,240,6.7,0
101858,34,59471,6,0.14,152,5,0,22374,72,6.8,1
101859,46,75209,3,0.22,140,4,0,38688,120,10.6,0
101860,28,87574,27,0.19,6,4,1,47186,84,9.4,0
101861,48,31203,1,0.25,111,6,0,30419,60,3.9,0
101862,49,25876,17,0.28,126,7,0,18350,180,4.5,0
101863,42,52539,3,0.32,100,7,0,16952,60,13.8,0
101864,41,67897,5,0.45,131,2,0,25491,36,7.7,1
101865,53,84437,2,0.07,161,3,2,6175,240,7.5,0
101866,38,79642,2,0.25,109,7,0,47392,120,3.6,0
101867,56,205033,5,0.25,81,2,1,9953,12,5.9,0
101868,21,49462,18,0.35,230,7,0,8074,120,10.3,0
101869,50,34102,1,0.1,178,4,1,13281,180,6.0,0
101870,55,53931,4,0.39,137,10,0,2461,240,9.5,0
101871,45,20641,19,0.33,229,6,0,25770,120,6.0,1
101872,34,24690,1,0.08,6,8,1,16578,120,7.5,1
101873,38,100883,2,0.4,133,7,2,6295,36,2.5,0
101874,40,62141,7,0.05,110,5,0,7398,180,6.5,1
101875,21,29973,0,0.04,215,5,0,18630,72,5.7,0
101876,48,49376,28,0.22,105,6,0,27313,48,6.9,0
101877,57,25906,15,0.26,133,5,0,40289,120,6.9,0
101878,55,34920,1,0.11,96,8,0,12362,240,4.6,0
101879,57,76317,5,0.57,195,6,0,6641,24,2.5,0
101880,45,51644,2,0.25,47,7,0,7408,72,8.1,0
101881,44,113138,0,0.21,143,4,0,37134,120,4.9,1
101882,50,67206,3,0.27,174,6,0,5501,180,5.9,1
101883,36,49552,7,0.32,128,5,1,7831,240,2.6,0
101884,41,115007,0,0.04,51,7,2,30832,72,6.5,1
101885,39,199174,10,0.42,86,6,0,19920,36,11.4,0
101886,45,98460,3,0.24,104,7,0,63028,60,2.5,1
101887,42,50923,5,0.08,177,6,3,6852,120,4.9,0
101888,44,38756,0,0.12,124,4,0,8210,240,9.7,0
101889,38,34583,8,0.08,219,3,0,7872,24,6.7,1
101890,31,65035,5,0.05,6,3,0,10355,24,8.9,1
101891,45,59950,7,0.18,141,2,2,15393,72,6.4,0
101892,25,101628,9,0.51,192,4,0,39837,120,6.3,0
101893,38,77326,2,0.16,163,1,2,6602,12,6.4,1
101894,58,30180,2,0.3,98,3,1,9910,120,3.4,0
101895,30,34510,0,0.36,64,5,1,11551,72,8.0,0
101896,53,84505,3,0.14,6,2,2,10596,120,2.5,0
101897,47,123357,7,0.24,126,4,0,22798,36,9.1,0
101898,25,34354,0,0.33,91,6,0,8108,180,7.6,1
101899,32,69217,17,0.55,116,5,0,42152,84,2.5,0
101900,32,43186,8,0.52,117,5,0,28501,48,8.0,1
101901,31,118384,3,0.23,210,3,0,11042,36,10.5,0
101902,29,61181,1,0.44,46,4,0,6911,60,2.5,0
101903,43,57218,10,0.39,145,8,0,3508,240,5.3,0
101904,37,45382,7,0.1,187,7,4,5722,48,4.6,0
101905,28,28448,6,0.46,97,8,1,25867,240,2.8,0
101906,33,84625,17,0.48,168,8,1,7828,240,9.8,0
101907,27,30872,3,0.22,94,2,1,21590,180,6.1,0
101908,35,40662,7,0.13,107,2,0,6588,48,7.6,0
101909,66,63044,1,0.17,127,3,3,32221,36,5.1,0
101910,47,156296,0,0.05,128,2,0,12730,60,8.0,1
101911,41,23880,26,0.18,14,6,1,7186,36,10.6,0
101912,30,58779,6,0.26,76,1,1,17500,180,7.3,0
101913,28,58107,1,0.14,15,3,0,7068,24,3.0,0
101914,35,21485,2,0.4,114,5,1,31351,24,6.2,0
101915,44,47631,2,0.26,157,5,1,15668,84,8.0,1
101916,34,30837,0,0.21,82,5,1,6854,60,9.9,0
101917,23,136205,16,0.17,38,7,0,11719,84,14.1,0
101918,35,95603,2,0.41,66,5,0,14590,120,7.5,0
101919,43,36405,4,0.21,234,2,0,11697,12,5.6,0
101920,42,72029,14,0.1,158,4,0,17648,240,3.9,0
101921,23,52695,7,0.25,197,8,0,5793,24,8.0,0
101922,36,47432,0,0.38,62,7,1,23387,120,6.9,0
101923,30,41530,1,0.19,154,2,0,37141,12,2.5,0
101924,41,68737,1,0.14,43,5,0,20875,60,6.3,0
101925,57,28872,17,0.32,21,8,0,11764,60,5.4,0
101926,27,84915,1,0.09,120,2,0,5381,12,5.8,1
101927,35,40739,8,0.04,78,6,0,35854,36,3.5,1
101928,46,51007,0,0.14,17,5,0,13549,72,8.5,1
101929,21,57329,6,0.14,210,3,1,3838,240,3.8,1
101930,36,104976,1,0.09,174,4,1,17730,48,5.8,1
101931,38,72242,10,0.08,150,3,0,8488,180,10.3,0
101932,47,30618,0,0.18,205,1,0,37844,240,3.4,0
101933,49,33820,19,0.1,116,6,0,17274,12,5.5,0
101934,48,165600,2,0.23,136,8,1,8621,60,5.2,1
101935,37,56379,0,0.14,116,7,0,3525,12,6.6,0
101936,36,39110,10,0.31,62,4,1,14317,120,6.1,0
101937,25,62750,9,0.1,127,6,0,16338,36,5.9,0
101938,61,54628,6,0.3,114,5,1,8366,48,3.8,1
101939,62,20000,4,0.12,161,5,1,6679,120,8.1,0
101940,48,63230,3,0.18,98,4,0,3608,36,6.4,0
101941,48,88160,12,0.29,133,2,0,18480,240,7.5,0
101942,35,59886,3,0.22,150,8,0,13083,84,9.5,0
101943,38,53748,0,0.21,220,3,0,8073,48,5.8,0
101944,29,71131,2,0.39,59,3,0,7727,120,12.7,0
101945,38,48151,1,0.06,19,6,0,19551,84,5.0,1
101946,39,67351,4,0.22,190,7,0,5072,180,9.6,0
101947,52,38637,3,0.23,128,1,2,13442,120,7.2,0
101948,30,56445,0,0.05,163,4,0,36909,48,10.5,0
101949,21,75091,1,0.33,169,2,0,26903,120,11.7,0
101950,37,33920,5,0.26,265,6,0,25361,12,10.7,0
101951,57,159862,1,0.26,207,5,1,3389,24,6.1,0
101952,48,131869,2,0.44,54,3,0,7241,12,4.8,0
101953,27,64367,16,0.23,126,3,0,3257,36,2.5,0
101954,32,46325,2,0.13,120,4,0,11879,72,7.3,0
101955,38,148805,8,0.28,76,7,0,20974,36,2.5,0
101956,46,75249,7,0.09,206,7,0,17018,120,5.8,0
101957,26,45954,1,0.11,38,5,0,13643,240,9.0,1
101958,38,74466,2,0.23,109,7,0,8491,24,4.2,0
101959,52,105357,5,0.04,52,5,2,19900,24,10.3,0
101960,41,40158,17,0.1,78,5,1,3236,180,2.5,0
101961,23,53751,10,0.24,15,3,0,7729,360,5.0,0
101962,43,47975,6,0.06,53,6,0,10407,120,3.8,1
101963,35,44454,17,0.24,118,2,0,8110,60,6.8,0
101964,45,58280,1,0.59,54,5,0,10858,360,10.8,1
101965,44,38631,1,0.18,105,5,0,4798,72,5.9,0
101966,75,32127,0,0.09,58,6,1,20004,84,9.9,0
101967,33,80114,0,0.07,91,7,0,27897,72,6.0,0
101968,29,133449,4,0.2,106,9,1,21876,24,6.7,0
101969,42,42448,2,0.25,102,1,0,14409,240,6.9,0
101970,48,56661,15,0.58,174,3,0,8143,120,5.7,1
101971,35,27440,6,0.19,52,3,0,14000,180,9.3,1
101972,29,31441,32,0.34,20,11,0,6885,24,3.4,0
101973,57,58675,12,0.1,153,5,0,89750,12,8.4,0
101974,44,72387,18,0.11,148,7,0,11633,84,6.9,1
101975,25,50207,3,0.39,200,4,0,6344,72,3.8,0
101976,33,37765,6,0.19,110,4,0,18966,240,4.7,0
101977,43,20553,1,0.29,194,1,0,6853,360,4.9,0
101978,44,57915,1,0.43,6,7,0,6731,12,3.0,0
101979,33,74990,3,0.28,40,6,0,2494,12,5.3,0
101980,21,35471,6,0.54,100,3,0,13099,120,11.0,0
101981,34,64604,1,0.14,102,7,0,7986,240,5.0,1
101982,54,32615,0,0.36,149,5,0,27676,12,9.3,1
101983,41,27142,4,0.21,167,1,1,5555,84,2.5,0
101984,26,37569,1,0.17,117,4,0,5479,180,11.0,0
101985,40,73414,1,0.27,83,5,0,42483,60,7.0,1
101986,28,109159,0,0.18,159,7,0,19233,72,3.0,0
101987,46,34638,2,0.05,112,5,0,10188,360,6.4,0
101988,30,49225,0,0.38,174,6,0,17430,180,5.4,0
101989,28,137203,2,0.18,91,5,0,23874,12,8.5,0
101990,31,83784,6,0.16,197,3,0,6231,72,4.3,0
101991,41,48117,0,0.11,56,5,2,12624,180,8.1,0
101992,21,43366,1,0.12,103,5,0,12797,180,5.1,0
101993,34,86527,19,0.32,65,2,0,17132,60,7.6,0
101994,56,32681,0,0.14,52,7,0,40368,24,6.3,0
101995,33,101710,6,0.44,60,6,2,17955,24,8.0,0
101996,44,33353,6,0.54,61,3,0,16934,48,3.0,0
101997,42,94672,12,0.04,129,6,0,16358,24,10.2,0
101998,68,31339,1,0.19,87,1,0,35815,180,3.6,0
101999,39,96537,4,0.33,131,6,1,15176,360,6.4,0
102000,21,44692,0,0.18,61,5,0,14476,12,6.8,0
